Source: ba6c7c19548fdad46d14bb5c2aa342ce94804ae1
rustc 1.98.0 (88d9e12ae 2026-08-18)
g++ (Debian 10.2.1-6) 10.2.1 20210110
cmake version 3.28.6
== cargo fetch --locked ==
    Updating crates.io index
 Downloading crates ...
  Downloaded zip v0.6.6
  Downloaded fallible-streaming-iterator v0.1.9
  Downloaded num-iter v0.1.46
  Downloaded mime v0.3.17
  Downloaded tower-layer v0.3.3
  Downloaded cfg_aliases v0.2.1
  Downloaded lazy_static v1.5.0
  Downloaded cfg-if v1.0.4
  Downloaded yoke-derive v0.8.2
  Downloaded http-body v1.0.1
  Downloaded wasm-bindgen-futures v0.4.76
  Downloaded sync_wrapper v1.0.2
  Downloaded lru-slab v0.1.2
  Downloaded rand_pcg v0.10.2
  Downloaded tower-service v0.3.3
  Downloaded cpufeatures v0.3.0
  Downloaded sqlx-macros v0.8.6
  Downloaded hashlink v0.9.1
  Downloaded windows-targets v0.52.6
  Downloaded windows-link v0.2.1
  Downloaded zerofrom v0.1.8
  Downloaded potential_utf v0.1.5
  Downloaded atomic-waker v1.1.2
  Downloaded try-lock v0.2.5
  Downloaded zerofrom-derive v0.1.7
  Downloaded heck v0.5.0
  Downloaded serde_urlencoded v0.7.1
  Downloaded adler2 v2.0.1
  Downloaded signature v2.2.0
  Downloaded home v0.5.12
  Downloaded itoa v1.0.18
  Downloaded tinyvec_macros v0.1.1
  Downloaded fallible-iterator v0.3.0
  Downloaded errno v0.3.14
  Downloaded either v1.16.0
  Downloaded num-integer v0.1.46
  Downloaded want v0.3.1
  Downloaded hyper-rustls v0.27.9
  Downloaded simd-adler32 v0.3.9
  Downloaded zerovec-derive v0.11.3
  Downloaded utf8_iter v1.0.4
  Downloaded gzip-header v1.1.0
  Downloaded plain v0.2.3
  Downloaded base64ct v1.8.3
  Downloaded libredox v0.1.18
  Downloaded pkg-config v0.3.33
  Downloaded ipnet v2.12.0
  Downloaded http-body-util v0.1.3
  Downloaded byteorder v1.5.0
  Downloaded quote v1.0.46
  Downloaded sqlx-macros-core v0.8.6
  Downloaded unicase v2.9.0
  Downloaded synstructure v0.13.2
  Downloaded ahash v0.8.12
  Downloaded chacha20 v0.10.1
  Downloaded tokio-macros v2.7.0
  Downloaded pkcs8 v0.10.2
  Downloaded pkcs1 v0.7.5
  Downloaded spin v0.9.8
  Downloaded quinn-udp v0.5.15
  Downloaded mime_guess v2.0.5
  Downloaded crc32fast v1.5.0
  Downloaded which v6.0.3
  Downloaded yoke v0.8.3
  Downloaded crossbeam-utils v0.8.21
  Downloaded wasite v0.1.0
  Downloaded futures-io v0.3.32
  Downloaded ryu v1.0.23
  Downloaded bitflags v2.13.0
  Downloaded proc-macro2 v1.0.106
  Downloaded futures-core v0.3.32
  Downloaded serde_derive v1.0.228
  Downloaded unicode-ident v1.0.24
  Downloaded serde_core v1.0.228
  Downloaded zeroize v1.9.0
  Downloaded thiserror v2.0.18
  Downloaded core_maths v0.1.1
  Downloaded icu_provider v2.2.0
  Downloaded clang-sys v1.8.1
  Downloaded hex v0.4.3
  Downloaded slab v0.4.12
  Downloaded md-5 v0.10.6
  Downloaded miniz_oxide v0.8.9
  Downloaded shlex v2.0.1
  Downloaded windows-targets v0.48.5
  Downloaded quinn v0.11.11
  Downloaded shlex v1.3.0
  Downloaded uuid v1.24.0
  Downloaded rustls-pki-types v1.15.0
  Downloaded web-time v1.1.0
  Downloaded form_urlencoded v1.2.2
  Downloaded atoi v2.0.0
  Downloaded temporal_capi v0.2.4
  Downloaded wit-bindgen v0.57.1
  Downloaded percent-encoding v2.3.2
  Downloaded flate2 v1.1.9
  Downloaded serde v1.0.228
  Downloaded zoneinfo64 v0.3.0
  Downloaded icu_locale v2.2.0
  Downloaded hyper-util v0.1.20
  Downloaded etcetera v0.8.0
  Downloaded tungstenite v0.29.0
  Downloaded getrandom v0.3.4
  Downloaded tower v0.5.3
  Downloaded rand_chacha v0.3.1
  Downloaded zerovec v0.11.6
  Downloaded crc v3.4.0
  Downloaded num-bigint-dig v0.8.6
  Downloaded rand v0.10.2
  Downloaded scopeguard v1.2.0
  Downloaded hashbrown v0.14.5
  Downloaded icu_collections v2.2.0
  Downloaded minimal-lexical v0.2.1
  Downloaded parking v2.2.1
  Downloaded diplomat_core v0.15.0
  Downloaded nom v7.1.3
  Downloaded reqwest v0.12.28
  Downloaded tower-http v0.6.11
  Downloaded webpki-roots v0.26.11
  Downloaded subtle v2.6.1
  Downloaded crypto-common v0.1.7
  Downloaded resb v0.1.2
  Downloaded icu_calendar_data v2.2.0
  Downloaded generic-array v0.14.7
  Downloaded icu_locale_data v2.2.0
  Downloaded rustc-hash v2.1.2
  Downloaded rustversion v1.0.23
  Downloaded digest v0.10.7
  Downloaded version_check v0.9.5
  Downloaded rusqlite v0.31.0
  Downloaded hyper v1.10.1
  Downloaded bumpalo v3.20.3
  Downloaded sha1 v0.10.6
  Downloaded fslock v0.2.1
  Downloaded equivalent v1.0.2
  Downloaded stable_deref_trait v1.2.1
  Downloaded wasip2 v1.0.4+wasi-0.2.12
  Downloaded once_cell v1.21.4
  Downloaded thiserror-impl v2.0.18
  Downloaded idna_adapter v1.2.2
  Downloaded diplomat v0.15.0
  Downloaded find-msvc-tools v0.1.9
  Downloaded data-encoding v2.11.0
  Downloaded whoami v1.6.1
  Downloaded vcpkg v0.2.15
  Downloaded strck v1.0.0
  Downloaded redox_syscall v0.9.0
  Downloaded stringprep v0.1.5
  Downloaded typenum v1.20.1
  Downloaded foldhash v0.1.5
  Downloaded redox_syscall v0.5.18
  Downloaded quinn-proto v0.11.16
  Downloaded lock_api v0.4.14
  Downloaded tinystr v0.8.3
  Downloaded bindgen v0.72.1
  Downloaded sha2 v0.10.9
  Downloaded hashlink v0.10.0
  Downloaded crossbeam-queue v0.3.13
  Downloaded zerocopy v0.8.53
  Downloaded rand v0.9.4
  Downloaded crc-catalog v2.5.0
  Downloaded regex v1.12.4
  Downloaded glob v0.3.3
  Downloaded cexpr v0.6.0
  Downloaded syn v2.0.118
  Downloaded displaydoc v0.2.6
  Downloaded zmij v1.0.21
  Downloaded pem-rfc7468 v0.7.0
  Downloaded rand_core v0.10.1
  Downloaded spki v0.7.3
  Downloaded wasm-bindgen v0.2.126
  Downloaded unicode-properties v0.1.4
  Downloaded rustix v0.38.44
  Downloaded diplomat-runtime v0.15.1
  Downloaded libloading v0.8.9
  Downloaded tokio-rustls v0.26.4
  Downloaded parking_lot_core v0.9.12
  Downloaded litemap v0.8.2
  Downloaded event-listener v5.4.1
  Downloaded concurrent-queue v2.5.0
  Downloaded autocfg v1.5.1
  Downloaded wasm-bindgen-shared v0.2.126
  Downloaded tokio-stream v0.1.18
  Downloaded parking_lot v0.12.5
  Downloaded rand_core v0.6.4
  Downloaded futures-channel v0.3.32
  Downloaded dotenvy v0.15.7
  Downloaded cpufeatures v0.2.17
  Downloaded tracing-core v0.1.36
  Downloaded tracing-attributes v0.1.31
  Downloaded tinyvec v1.11.0
  Downloaded paste v1.0.15
  Downloaded ixdtf v0.6.5
  Downloaded socket2 v0.6.4
  Downloaded icu_properties v2.2.0
  Downloaded hmac v0.12.1
  Downloaded windows_aarch64_gnullvm v0.52.6
  Downloaded num-traits v0.2.19
  Downloaded wasi v0.11.1+wasi-snapshot-preview1
  Downloaded windows_x86_64_gnullvm v0.52.6
  Downloaded windows_i686_gnullvm v0.52.6
  Downloaded allocator-api2 v0.2.21
  Downloaded rand_core v0.9.5
  Downloaded unicode-bidi v0.3.18
  Downloaded untrusted v0.9.0
  Downloaded winsafe v0.0.19
  Downloaded base64 v0.22.1
  Downloaded calendrical_calculations v0.2.4
  Downloaded futures-task v0.3.32
  Downloaded futures-sink v0.3.32
  Downloaded block-buffer v0.10.4
  Downloaded writeable v0.6.3
  Downloaded icu_normalizer_data v2.2.0
  Downloaded icu_locale_core v2.2.0
  Downloaded r-efi v6.0.0
  Downloaded tokio-tungstenite v0.29.0
  Downloaded rustls-webpki v0.103.13
  Downloaded rand_chacha v0.9.0
  Downloaded pin-project-lite v0.2.17
  Downloaded ppv-lite86 v0.2.21
  Downloaded wasm-bindgen-macro v0.2.126
  Downloaded smallvec v1.15.2
  Downloaded bytes v1.12.0
  Downloaded getrandom v0.2.17
  Downloaded httparse v1.10.1
  Downloaded sqlx-mysql v0.8.6
  Downloaded url v2.5.8
  Downloaded futures-intrusive v0.5.0
  Downloaded icu_normalizer v2.2.0
  Downloaded rand v0.8.7
  Downloaded zerotrie v0.2.4
  Downloaded log v0.4.33
  Downloaded const-oid v0.9.6
  Downloaded der v0.7.10
  Downloaded r-efi v5.3.0
  Downloaded getrandom v0.4.3
  Downloaded webpki-roots v1.0.8
  Downloaded zerocopy-derive v0.8.53
  Downloaded wasm-bindgen-macro-support v0.2.126
  Downloaded cc v1.2.66
  Downloaded mio v1.2.1
  Downloaded indexmap v2.14.0
  Downloaded prettyplease v0.2.37
  Downloaded rsa v0.9.10
  Downloaded unicode-normalization v0.1.25
  Downloaded sqlx-core v0.8.6
  Downloaded memchr v2.8.2
  Downloaded sqlx-postgres v0.8.6
  Downloaded js-sys v0.3.103
  Downloaded http v1.4.2
  Downloaded timezone_provider v0.2.4
  Downloaded idna v1.1.0
  Downloaded serde_json v1.0.150
  Downloaded hashbrown v0.17.1
  Downloaded libm v0.2.16
  Downloaded itertools v0.13.0
  Downloaded icu_properties_data v2.2.0
  Downloaded hashbrown v0.15.5
  Downloaded sqlx v0.8.6
  Downloaded hkdf v0.12.4
  Downloaded temporal_rs v0.2.4
  Downloaded aho-corasick v1.1.4
  Downloaded web-sys v0.3.103
  Downloaded futures-util v0.3.32
  Downloaded regex-automata v0.4.14
  Downloaded regex-syntax v0.8.11
  Downloaded windows_x86_64_gnullvm v0.48.5
  Downloaded windows_x86_64_gnu v0.52.6
  Downloaded windows_x86_64_msvc v0.52.6
  Downloaded windows_aarch64_msvc v0.52.6
  Downloaded libc v0.2.186
  Downloaded rustls v0.23.41
  Downloaded windows_aarch64_gnullvm v0.48.5
  Downloaded tracing v0.1.44
  Downloaded windows_i686_msvc v0.52.6
  Downloaded windows_i686_gnu v0.52.6
  Downloaded windows_x86_64_msvc v0.48.5
  Downloaded windows_aarch64_msvc v0.48.5
  Downloaded icu_calendar v2.2.1
  Downloaded windows_x86_64_gnu v0.48.5
  Downloaded windows_i686_msvc v0.48.5
  Downloaded windows_i686_gnu v0.48.5
  Downloaded tokio v1.52.3
  Downloaded winapi v0.3.9
  Downloaded windows-sys v0.48.0
  Downloaded ring v0.17.14
  Downloaded linux-raw-sys v0.4.15
  Downloaded windows-sys v0.59.0
  Downloaded windows-sys v0.61.2
  Downloaded windows-sys v0.52.0
  Downloaded winapi-i686-pc-windows-gnu v0.4.0
  Downloaded winapi-x86_64-pc-windows-gnu v0.4.0
  Downloaded libsqlite3-sys v0.28.0
  Downloaded v8 v149.4.0
== check-core-boundary.sh (dependency closure + name gates) ==
core name gates OK: no CS2 identifier and no games/ embed in core/
core boundary OK: s2script-core depends on no games/* crate
== test-boundary-nameleak.sh ==
PASS: name-leak gate catches CS2 identifiers and passes when clean
PASS: include_str!/games/ gate catches embedded game files and passes when clean
== test-sigscan.sh ==
sigscan_test: all passed
== test-gamedata.sh ==
ok:   matching master parses without error
ok:   unconditional file applies
ok:   engine-matched file applies
ok:   game-matched file applies
ok:   non-matching game file is skipped
ok:   array order wins over alphabetical filename order
ok:   array-valued condition matches any member
ok:   untouched entry survives an override file
ok:   named entry is replaced wholesale
ok:   replacement is not deep-merged
ok:   matching platform entry is loaded
ok:   other-platform entry is skipped
ok:   keys section is parsed
ok:   a calls section parses without error
ok:   calls entry is merged
ok:   the merged view is serialised for core
ok:   the merged view is valid JSON
ok:   signatures are re-nested under the platform key core flattens against
ok:   the descriptor crosses to core verbatim
ok:   the arg vocabulary is untouched
ok:   a signature carrying a validator parses without error
ok:   the merged view is valid JSON
ok:   the validator crosses to core verbatim, un-flattened
ok:   a signature declaring no validator emits no validate key
ok:   the operator's pattern wins
ok:   and so does the validator offset it was re-derived with
ok:   the operator's pattern still wins
ok:   an override that omits validate does NOT disarm the shipped validator
ok:   the merged view is valid JSON
ok:   and the carried validator reaches the descriptor core resolves
ok:   the carry-forward is REPORTED by name, never silent
ok:   and is not reported as a deliberate disarm
ok:   the merged view is valid JSON
ok:   an explicit empty validate is honoured, not overwritten by the shipped one
ok:   a deliberate disarm is REPORTED by name
ok:   and is not reported as a carry-forward
ok:   the later shipped file wins
ok:   shipped-over-shipped is still a whole-entry replacement
ok:   and neither override-only report fires for a shipped merge
ok:   a custom/ override reaches the descriptor core resolves
ok:   and is still reported as operator-supplied
ok:   the well-formed descriptor still merges
ok:   a scalar descriptor is left out, not crashed on
ok:   the error names the entry
ok:   a hooks section parses without error
ok:   the hooks entry is merged
ok:   the merged view is valid JSON
ok:   the merged view core reads CARRIES the hooks section
ok:   the shape name crosses
ok:   params cross in author order
ok:   the mutable allow-list crosses
ok:   the bypass pairing crosses
ok:   the ctx namespace crosses
ok:   the mandatory validator reaches core with the pattern it guards
ok:   an owner with hooks and nothing else is not dropped
ok:   and its hooks reach core
ok:   the well-formed descriptor still merges
ok:   a scalar descriptor is left out, not crashed on
ok:   the error names the entry
ok:   an operator override reaches the hook core resolves
ok:   and is reported as operator-supplied
ok:   an unknown top-level section is reported, naming BOTH the file and the section
ok:   and only the unknown one — no false positives
ok:   it is a WARN, not an error: an older shim reading a newer tree must boot
ok:   the sections it DOES consume are unaffected
ok:   no consumed section is reported as ignored
ok:   an owner with neither signatures nor calls hands core nothing to register
ok:   absent master yields an error, not a silent empty namespace
ok:   the error names the master file
ok:   a listed-but-absent file is an error
ok:   the error names the file
ok:   same key in two owners does not collide
ok:   sibling well-formed offset survives a wrongly-typed one
ok:   wrongly-typed offset is left out, not crashed on
ok:   error names the offending offset key
ok:   sibling well-formed signature survives a wrongly-typed one
ok:   wrongly-typed signature is left out, not crashed on
ok:   error names the offending signature key
ok:   sibling well-formed interface survives a wrongly-typed one
ok:   wrongly-typed interface is left out, not crashed on
ok:   error names the offending interface key
ok:   sibling well-formed key survives a wrongly-typed one
ok:   wrongly-typed key is left out, not crashed on
ok:   error names the offending keys key
ok:   a later file still applies after an earlier file had one bad entry
ok:   the earlier bad entry is still reported
ok:   a per-entry type error is still reported
ok:   filesLoaded is non-empty when a file loaded but had a malformed entry
ok:   a missing master is still reported
ok:   filesLoaded is empty when the master itself is missing
ok:   a non-platform-keyed offset does not apply
ok:   and is not falsely reported as an override
ok:   a non-platform-keyed offset is a NAMED error, not a silent skip
ok:   a sibling well-formed signature still applies
ok:   a non-platform-keyed signature does not apply
ok:   a non-platform-keyed signature is a NAMED error, not a silent skip
ok:   a file behind an unmatchable condition is not applied
ok:   sibling files still apply
ok:   an unmatchable condition names the file it silently deselected
ok:   the mistyped override does not apply
ok:   a file that applied zero entries is named in filesEmpty
ok:   it is still counted as loaded
ok:   filesLoaded is non-empty even though a selected file failed (why it is not enough)
ok:   filesFailed names the selected file that could not be applied
ok:   the bad entry is still reported in error
ok:   a bad ENTRY does not put the file in filesFailed
ok:   a missing master reports through filesFailed as well
ok:   an unparseable custom/ file is a named error
ok:   an unparseable custom/ file is not catastrophic — shipped data is intact
ok:   a custom/ override parses without error
ok:   custom/ is applied after shipped files
ok:   an overridden entry is recorded as such
ok:   later custom/ filename wins (created 10-first then 20-second)
ok:   every applied file is recorded (created 10-first then 20-second)
ok:   later custom/ filename wins (created 20-second then 10-first)
ok:   every applied file is recorded (created 20-second then 10-first)
ok:   no custom/ directory is the normal case, not an error
ok:   nothing is marked overridden without a custom/ file
gamedata_test: all checks passed
== check-deferred-sentinel.sh (S2_DISPATCH_DEFERRED: core == shim header) ==
check-deferred-sentinel: OK — S2_DISPATCH_DEFERRED = -1000 in both core and the shim header
== check-engine-ops-order.sh (S2EngineOps field order: core == shim header) ==
check-engine-ops-generated: OK — 126 ops, three generated files match
check-engine-ops-order: OK — 126 S2EngineOps fields, same names in the same order in core and the shim
check-engine-ops-order: OK — all 126 S2EngineOps field signature(s) agree on arity
== test-defer-queue.sh (the deferred-dispatch drain, flush-inside-replay included) ==
   (with -fsanitize=address,undefined)
ok:   connection generation is retained without floating-point truncation
ok:   disconnect identity strings are owned copies
ok:   disconnect scalar identity survives engine buffer reuse
ok:   three pushes queue three entries
ok:   the drain replays all three
ok:   FIFO: the client event replays first, with its slot
ok:   FIFO: map_start second, with its map name
ok:   FIFO: cvar_change third, with new AND old value
ok:   both buffers are empty afterwards
ok:   the re-deferred push does NOT extend the batch being walked
ok:   it is queued for the next drain
ok:   the next drain delivers it
ok:   the queue does not grow past the bound
ok:   the overflow names what it dropped
ok:   capacity is checked BEFORE DuplicateEvent — an overflow cannot leak an event
ok:   each queued game_event carries its own duplicate
ok:   the replay sees the duplicate (handlers read the REAL field values)
ok:   every duplicate is freed exactly once by the drain
ok:   a game_event is not queued without a duplicate
ok:   the drop names the event (scalar deferral is unaffected)
ok:   eight game events queued, eight duplicates minted
ok:   the drain stops at the flush — entries from the old world are abandoned
ok:   every replay before the flush is a real entry, in order
ok:   every replay before the flush is a real entry, in order
ok:   every replay before the flush is a real entry, in order
ok:   every duplicate — replayed and abandoned — is freed exactly once across the flush
ok:   nothing that was never minted is handed to FreeEvent
ok:   both buffers end empty
ok:   the drain flag is cleared
ok:   the flush names what it did to the running drain
ok:   a replay observes that a drain is in progress
ok:   the nested drain replayed nothing extra
ok:   what the replay pushed is still waiting for the next drain
ok:   and arrives one drain later
ok:   the throw propagates (the caller's catch_unwind boundary owns it)
ok:   the drain flag is cleared on the unwinding path
ok:   the in-flight duplicate is freed by its own guard
ok:   the stranded tail is freed exactly once by the next drain
ok:   an empty-queue drain still empties a stranded batch
ok:   the batch is empty after the early-out drain
ok:   a re-deferred replay is NOT re-queued (it would spin forever)
ok:   and it is dropped by name
ok:   the flush empties the queue
ok:   and frees every duplicate exactly once
ok:   and names the occasion and the count
defer_queue_test: all checks passed
==158==Unable to get registers from thread 157.
== test-client-bootstrap.sh (unsigned userid sentinel and late-load occupancy) ==
client-bootstrap: unsigned sentinel, repeated reconciliation, survivor phase/identity/policy and absent-slot retirement passed
== test-hook-dispatch.sh (hook shape vocabulary, bypass latch, collapse) ==
   (with -fsanitize=address,undefined)
ok:   this_void resolves
ok:   this_f32_i32_i32_i32 resolves
ok:   an unknown shape is rejected
ok:   an empty shape name is rejected
ok:   shape ids round-trip back to their names
ok:   the second shape id round-trips back to its own name, not the first shape's
ok:   an out-of-range shape id has no name
ok:   this_f32_i32_i64_i64 resolves
ok:   the wide shape round-trips to its own name
ok:   the narrow and wide 4-arg shapes are distinct ids
ok:   this_i64_i32_i64 resolves
ok:   the returning shape round-trips to its own name
ok:   the returning shape is a distinct id
ok:   a fresh latch is not set
ok:   an armed latch is taken
ok:   and taking it CLEARS it — a stuck latch would silently kill the hook
ok:   the latch is per-hook, not global
ok:   and hook 0's latch survived hook 1's take
ok:   an out-of-range BypassArm(-1) left the low sentinel clear
ok:   an out-of-range BypassArm(S2_HOOK_MAX) left the high sentinel clear
ok:   BypassTake rejects a negative hook id even though the sentinel it would alias is SET
ok:   BypassTake rejects hook id == S2_HOOK_MAX even though the sentinel it would alias is SET
ok:   BypassTake rejects a hook id far past S2_HOOK_MAX
ok:   and left the low sentinel UNTOUCHED — a guarded take never reads it
ok:   and left the high sentinel UNTOUCHED — a guarded take never reads it
ok:   reset cleared latch 0
ok:   reset cleared latch 1
ok:   reset cleared the LAST latch
ok:   and did not write below the array
ok:   and did not write past the end of it
ok:   Continue does not suppress
ok:   Changed does not suppress — it writes params back and still calls
ok:   Handled suppresses the engine call
ok:   Stop suppresses the engine call
ok:   an out-of-range result does not suppress
ok:   a negative result does not suppress
ok:   dispatch forwards to the injected op
ok:   and passes the hook id through
ok:   a null dispatch op degrades to Continue
ok:   SetOps(none) actually clears the op — it is not re-invoked
ok:   dispatch_post forwards to the injected op
ok:   and passes the hook id and skipped flag through
ok:   a null dispatch_post op degrades to Continue
ok:   SetOps(none) actually clears dispatch_post
ok:   Allow + Allow = Allow
ok:   Allow loses to any deny
ok:   a deny beats a later Allow
ok:   two denys: first wins, no ontology
hook_dispatch_test: all checks passed
==186==Unable to get registers from thread 185.
== test-detour-reloc.sh (prologue relocation, tier selection, named refusals) ==
   (with -fsanitize=address,undefined, minus the alignment check — see the comment)
ok:   DispatchTraceAttack: near tier steals 6 bytes
ok:   DispatchTraceAttack: far tier steals 15 bytes
ok:   DispatchTraceAttack: the near steal is a strict prefix of the far steal
ok:   DispatchTraceAttack: a position-independent prologue copies unchanged
ok:   HostSay: near tier steals 6 bytes
ok:   HostSay: far tier steals 16 bytes
ok:   HostSay: the near steal is a strict prefix of the far steal
ok:   HostSay: a position-independent prologue copies unchanged
ok:   FireOutputInternal: near tier steals 6 bytes
ok:   FireOutputInternal: far tier steals 15 bytes
ok:   FireOutputInternal: the near steal is a strict prefix of the far steal
ok:   FireOutputInternal: a position-independent prologue copies unchanged
ok:   ProcessUsercmds: near tier steals 6 bytes
ok:   ProcessUsercmds: far tier steals 16 bytes
ok:   ProcessUsercmds: the near steal is a strict prefix of the far steal
ok:   ProcessUsercmds: a position-independent prologue copies unchanged
ok:   TerminateRound: the near tier stops before the rip-relative lea
ok:   Respawn: the near tier stops before the call rel32
ok:   TerminateRound: the far tier now relocates the lea instead of refusing
ok:   Respawn: the far tier now relocates the call instead of refusing
ok:   rip-relative lea relocates without changing size
ok:   the new disp32 still points at the SAME absolute address
ok:   only the displacement changed — the opcode and ModRM are untouched
ok:   an instruction with BOTH a disp32 and an imm8 decodes
ok:   the disp32 is rewritten at offset 2, NOT at len-4
ok:   the trailing immediate is left alone
ok:   call rel32: decodes at its true length
ok:   call rel32: still branches to the SAME absolute address
ok:   jmp rel32: decodes at its true length
ok:   jmp rel32: still branches to the SAME absolute address
ok:   jz rel32: decodes at its true length
ok:   jz rel32: still branches to the SAME absolute address
ok:   the source encoding is representable
ok:   a test page was mapped within rel32 of the global
ok:   the rip-relative load + ret relocates
ok:   the RELOCATED copy reads the same global as the original — a wrong disp32 fails here
ok:   and it tracks the global, rather than a stale copy
ok:   jmp rel8 is refused as a short branch, not silently copied
ok:   jcc rel8 is refused as a short branch
ok:   loopne is refused as a short branch
ok:   a rip-relative target out of rel32 reach of the trampoline is refused, not truncated
ok:   a branch target out of rel32 reach of the trampoline is refused
ok:   an undecodable prologue is refused
ok:   the corpus prologue builds with a permissive probe
ok:   the probe is consulted more than once — not just at the entry address
ok:   a probe refusal mid-prologue stops the walk with a named reason
ok:   and it stops EARLY — it does not keep decoding past the refusal
ok:   the absolute jump is FF 25 <disp32=0> followed by the target
ok:   a near destination encodes as E9
ok:   with the rel32 measured from the END of the jump
ok:   a destination beyond rel32 range is REFUSED, so the caller falls back to the absolute form
ok:   the un-patched target returns x+1
ok:   Install patched the target
ok:   it stole the 6-byte push/mov/push prologue
ok:   calling the target reaches OUR handler
ok:   and the handler's call to the trampoline runs the ORIGINAL body (5+1)*10
ok:   and it is re-entrant across calls
ok:   RemoveAll restores the original bytes
ok:   a normally-loaded binary takes the NEAR (5-byte E9) tier
ok:   the far tier installs
ok:   and it reports the FAR tier
ok:   stealing at least the 14 bytes its absolute jump needs
ok:   the far tier diverts and its trampoline runs the original too
ok:   and it restores cleanly

all detour relocation checks passed
==208==Unable to get registers from thread 207.
== check-hook-shapes.sh (inbound hook shape name/id table: core == shim) ==
check-hook-shapes: OK — 5 hook shape(s), same names and ids in core and the shim
== check-defer-selftest-gate.sh (S2_DEFER_SELFTEST: core == shim, registration-gated) ==
check-defer-selftest-gate: OK — armed by $S2_DEFER_SELFTEST in both core and the shim; the native is registration-gated
== test-call-validate.sh (the descriptor validators: both gates must REJECT) ==
   (with -fsanitize=address,undefined)
ok:   vtable-member: an address IN the class's primary vtable passes
ok:   vtable-member: a pass leaves the reason buffer empty
ok:   vtable-member: the class name reaches the resolver
ok:   vtable-member: the DESCRIPTOR's module is forwarded (not a hardcoded soname)
ok:   vtable-member: an in-.text address that is NOT in the vtable is REJECTED
ok:   vtable-member: and the reason NAMES the class and the failure
ok:   vtable-member: a slot PAST the walk terminator is rejected (fail-closed)
ok:   vtable-member: a class with no RTTI on this build degrades, naming the class
ok:   vtable-member: no RTTI resolver available degrades by name (never a null call)
ok:   vtable-member: a non-string class (a slot index!) is rejected
ok:   vtable-member: an empty class name is rejected
ok:   string-xref: the xref target matching `expect` passes
ok:   string-xref: a pass leaves the reason buffer empty
ok:   string-xref: a wrong expected string is REJECTED
ok:   string-xref: and the reason NAMES the string the treadmill must re-xref
ok:   string-xref: `expect` being a strict PREFIX of the target is rejected (NUL-compared)
ok:   string-xref: a target outside the module's mapped extent is rejected
ok:   string-xref: a displacement read outside the text buffer is rejected, not read
ok:   string-xref: a displacement outside its own instruction is caught without the binary
ok:   string-xref: a missing `expect` is rejected
ok:   string-xref: a missing `at` is rejected
ok:   string-xref: a bare string instead of the parameter object is rejected
ok:   string-xref: a negative `at` is rejected
ok:   string-xref: an empty `expect` is rejected
ok:   string-xref: an oversized `expect` is rejected
ok:   prologue: a masked pattern matching at the address passes
ok:   prologue: a mismatch is rejected by name
ok:   prologue: a malformed pattern is rejected by name
ok:   prologue: DeclaresPrologue sees a declared one (the vtable target's mandatory rule)
ok:   prologue: DeclaresPrologue is false when only another validator is declared
ok:   prologue: DeclaresPrologue is false for no validators
ok:   closure: an unknown validator key FAILS the descriptor by name, never silently passes
ok:   closure: and the reason names the whole valid set
ok:   closure: an unknown key wins the reason over a failing known sibling
ok:   closure: an empty validate string means no validators (passes)
ok:   closure: an empty object means no validators (passes)
ok:   closure: a JSON null means no validators (passes)
ok:   closure: a null pointer means no validators (passes)
ok:   closure: an unparseable validate blob degrades by name
ok:   closure: a validate that is a bare string, not an object, degrades by name
ok:   multi: two passing validators both pass
ok:   multi: every declared validator runs — a passing one does not short-circuit the rest
ok:   multi: with two failures the cheapest validator's reason wins, not JSON order
ok:   multi: string-xref is reported ahead of the far more expensive vtable-member
ok:   input: an address outside .text degrades by name
ok:   input: and no validator ran on it
ok:   decodes a 64-bit store of rdx as arg 2
ok:   decodes a 32-bit store of edx as arg 2, not wide
ok:   a store of a non-argument register is not an observation
ok:   MOV r,r/m records the destination as redefined
ok:   MOV r/m,r with a REGISTER destination redefines it
ok:   a truncated instruction decodes to length 0 and stops the walk
ok:   TerminateRound's real prologue is REFUSED under this_f32_i32_i32_i32
ok:   and the reason names the offending integer arg slot
ok:   and ACCEPTED under this_f32_i32_i64_i64 — the shape that actually shipped
ok:   a prologue that stores its args 32-bit agrees with a 32-bit shape
ok:   and says what it checked
ok:   a 64-bit store of a REDEFINED register is not evidence about the argument
ok:   a prologue that spills nothing PASSES — absence of evidence is not a failure
ok:   and the reason refuses to be read as a proof
ok:   a 64-bit store of rsi is refused
ok:   and is attributed to integer arg slot 1
ok:   a 64-bit store of rdx is refused
ok:   and is attributed to integer arg slot 2
ok:   a 64-bit store of rcx is refused
ok:   and is attributed to integer arg slot 3
ok:   a 64-bit store of r8 is refused
ok:   and is attributed to integer arg slot 4
ok:   a view ending mid-instruction stops cleanly instead of reading past it
ok:   and still renders a verdict rather than garbage
ok:   a maximal legacy-prefix run decodes without reading past the decode window
ok:   a callee reading an argument the shape does not declare is REFUSED
ok:   and the reason names both the missing slot and what the shape declared
ok:   declaring MORE arguments than the callee reads is harmless and passes
ok:   a store past the callee's own `ret` is NOT evidence about its arguments
ok:   ADD r/m,r redefines the r/m operand (rdx), not the source
ok:   and when the destination is not an argument register, nothing is
ok:   OR r,r/m redefines the reg operand — the mirror direction
ok:   an ALU write to MEMORY redefines no register at all
ok:   a 64-bit spill AFTER a call is a return value, not an argument
ok:   a spill after `movslq %edx,%rdx` is not evidence about the argument
ok:   a spill after `mov $1,%rdx` is not evidence about the argument
ok:   a spill after `lea -0x8(%rbp),%rdx` is not evidence about the argument
ok:   a spill after `pop %rdx` is not evidence about the argument
ok:   a spill after `xor %eax,%edx (r/m<-r)` is not evidence about the argument
ok:   a spill after `add %rax,%rdx (r/m<-r)` is not evidence about the argument
ok:   a spill after `or  %rcx,%rdx (r<-r/m)` is not evidence about the argument
ok:   a spill after `movzbl (%rax),%edx` is not evidence about the argument
ok:   a spill after `movswl (%rax),%edx` is not evidence about the argument
ok:   a spill after `cqto (kills rdx)` is not evidence about the argument
ok:   a spill after `divq %rcx (kills rdx)` is not evidence about the argument
ok:   a spill after `movq %xmm0,%rdx` is not evidence about the argument
call_validate_test: all checks passed
==294==Unable to get registers from thread 293.
== check-gamedata-owners.sh (gamedata ownership boundary) ==
check-gamedata-owners: ownership rule holds for every entry
== check-call-descriptors.sh (every shipped `calls`/`hooks` descriptor is well-formed) ==
check-call-descriptors: 19 descriptor(s) well-formed (args bool/entity/float/int/string/utlstring/vector; returns bool/entity/float/int/void; validators prologue/string-xref/vtable-member; budget 9 GP + 8 FP; hook shapes this_f32_i32_i32_i32/this_f32_i32_i64_i64/this_i64_i32_i64/this_i64_i64_i64/this_void)
== check-licenses-generated.sh ==
PASS: third-party notices and per-package license texts are up to date
== cargo build ==
   Compiling unicode-ident v1.0.24
   Compiling proc-macro2 v1.0.106
   Compiling quote v1.0.46
   Compiling cfg-if v1.0.4
   Compiling libc v0.2.186
   Compiling serde_core v1.0.228
   Compiling serde v1.0.228
   Compiling stable_deref_trait v1.2.1
   Compiling version_check v0.9.5
   Compiling writeable v0.6.3
   Compiling shlex v2.0.1
   Compiling litemap v0.8.2
   Compiling syn v2.0.118
   Compiling find-msvc-tools v0.1.9
   Compiling zeroize v1.9.0
   Compiling libm v0.2.16
   Compiling cc v1.2.66
   Compiling generic-array v0.14.7
   Compiling getrandom v0.2.17
   Compiling zerocopy v0.8.53
   Compiling bytes v1.12.0
   Compiling pin-project-lite v0.2.17
   Compiling synstructure v0.13.2
   Compiling subtle v2.6.1
   Compiling serde_derive v1.0.228
   Compiling zerovec-derive v0.11.3
   Compiling displaydoc v0.2.6
   Compiling zerofrom-derive v0.1.7
   Compiling yoke-derive v0.8.2
   Compiling const-oid v0.9.6
   Compiling zerofrom v0.1.8
   Compiling once_cell v1.21.4
   Compiling yoke v0.8.3
   Compiling utf8_iter v1.0.4
   Compiling zerovec v0.11.6
   Compiling smallvec v1.15.2
   Compiling zerotrie v0.2.4
   Compiling futures-core v0.3.32
   Compiling typenum v1.20.1
   Compiling potential_utf v0.1.5
   Compiling tinystr v0.8.3
   Compiling icu_collections v2.2.0
   Compiling icu_locale_core v2.2.0
   Compiling itoa v1.0.18
   Compiling crypto-common v0.1.7
   Compiling icu_provider v2.2.0
   Compiling block-buffer v0.10.4
   Compiling tokio-macros v2.7.0
   Compiling ring v0.17.14
   Compiling mio v1.2.1
   Compiling socket2 v0.6.4
   Compiling log v0.4.33
   Compiling autocfg v1.5.1
   Compiling tokio v1.52.3
   Compiling digest v0.10.7
   Compiling num-traits v0.2.19
   Compiling rustls-pki-types v1.15.0
   Compiling futures-sink v0.3.32
   Compiling icu_normalizer_data v2.2.0
   Compiling memchr v2.8.2
   Compiling icu_properties_data v2.2.0
   Compiling untrusted v0.9.0
   Compiling ppv-lite86 v0.2.21
   Compiling slab v0.4.12
   Compiling futures-task v0.3.32
   Compiling futures-io v0.3.32
   Compiling rustls v0.23.41
   Compiling percent-encoding v2.3.2
   Compiling futures-util v0.3.32
   Compiling rustls-webpki v0.103.13
   Compiling icu_normalizer v2.2.0
   Compiling icu_properties v2.2.0
   Compiling http v1.4.2
   Compiling crossbeam-utils v0.8.21
   Compiling idna_adapter v1.2.2
   Compiling form_urlencoded v1.2.2
   Compiling webpki-roots v1.0.8
   Compiling tracing-core v0.1.36
   Compiling tracing-attributes v0.1.31
   Compiling rand_core v0.6.4
   Compiling crc32fast v1.5.0
   Compiling base64ct v1.8.3
   Compiling thiserror v2.0.18
   Compiling cpufeatures v0.2.17
   Compiling httparse v1.10.1
   Compiling glob v0.3.3
   Compiling parking_lot_core v0.9.12
   Compiling clang-sys v1.8.1
   Compiling pem-rfc7468 v0.7.0
   Compiling tracing v0.1.44
   Compiling idna v1.1.0
   Compiling futures-channel v0.3.32
   Compiling core_maths v0.1.1
   Compiling thiserror-impl v2.0.18
   Compiling bitflags v2.13.0
   Compiling equivalent v1.0.2
   Compiling getrandom v0.3.4
   Compiling icu_locale_data v2.2.0
   Compiling scopeguard v1.2.0
   Compiling zmij v1.0.21
   Compiling prettyplease v0.2.37
   Compiling base64 v0.22.1
   Compiling adler2 v2.0.1
   Compiling lock_api v0.4.14
   Compiling calendrical_calculations v0.2.4
   Compiling url v2.5.8
   Compiling der v0.7.10
   Compiling rand_chacha v0.3.1
   Compiling http-body v1.0.1
   Compiling home v0.5.12
   Compiling foldhash v0.1.5
   Compiling icu_calendar_data v2.2.0
   Compiling regex-syntax v0.8.11
   Compiling minimal-lexical v0.2.1
   Compiling serde_json v1.0.150
   Compiling either v1.16.0
   Compiling allocator-api2 v0.2.21
   Compiling tinyvec_macros v0.1.1
   Compiling rustix v0.38.44
   Compiling tinyvec v1.11.0
   Compiling nom v7.1.3
   Compiling hashbrown v0.15.5
   Compiling regex-automata v0.4.14
   Compiling rand v0.8.7
   Compiling parking_lot v0.12.5
   Compiling spki v0.7.3
   Compiling concurrent-queue v2.5.0
   Compiling webpki-roots v0.26.11
   Compiling num-integer v0.1.46
   Compiling resb v0.1.2
   Compiling ahash v0.8.12
   Compiling libloading v0.8.9
   Compiling parking v2.2.1
   Compiling tower-service v0.3.3
   Compiling hashbrown v0.17.1
   Compiling linux-raw-sys v0.4.15
   Compiling try-lock v0.2.5
   Compiling bindgen v0.72.1
   Compiling spin v0.9.8
   Compiling num-bigint-dig v0.8.6
   Compiling crc-catalog v2.5.0
   Compiling indexmap v2.14.0
   Compiling lazy_static v1.5.0
   Compiling crc v3.4.0
   Compiling want v0.3.1
   Compiling event-listener v5.4.1
   Compiling zoneinfo64 v0.3.0
   Compiling num-iter v0.1.46
   Compiling rand_core v0.9.5
   Compiling futures-intrusive v0.5.0
   Compiling pkcs8 v0.10.2
   Compiling icu_locale v2.2.0
   Compiling regex v1.12.4
   Compiling cexpr v0.6.0
   Compiling hashlink v0.10.0
   Compiling unicode-normalization v0.1.25
   Compiling itertools v0.13.0
   Compiling crossbeam-queue v0.3.13
   Compiling sha2 v0.10.9
   Compiling sha1 v0.10.6
   Compiling tokio-stream v0.1.18
   Compiling hmac v0.12.1
   Compiling strck v1.0.0
   Compiling atomic-waker v1.1.2
   Compiling byteorder v1.5.0
   Compiling shlex v1.3.0
   Compiling unicode-bidi v0.3.18
   Compiling unicase v2.9.0
   Compiling rustc-hash v2.1.2
   Compiling unicode-properties v0.1.4
   Compiling vcpkg v0.2.15
   Compiling pkg-config v0.3.33
   Compiling stringprep v0.1.5
   Compiling diplomat_core v0.15.0
   Compiling libsqlite3-sys v0.28.0
   Compiling mime_guess v2.0.5
   Compiling hyper v1.10.1
   Compiling sqlx-core v0.8.6
   Compiling hkdf v0.12.4
   Compiling icu_calendar v2.2.1
   Compiling pkcs1 v0.7.5
   Compiling rand_chacha v0.9.0
   Compiling which v6.0.3
   Compiling timezone_provider v0.2.4
   Compiling gzip-header v1.1.0
   Compiling fslock v0.2.1
   Compiling miniz_oxide v0.8.9
   Compiling signature v2.2.0
   Compiling tokio-rustls v0.26.4
   Compiling atoi v2.0.0
   Compiling md-5 v0.10.6
   Compiling sync_wrapper v1.0.2
   Compiling ixdtf v0.6.5
   Compiling dotenvy v0.15.7
   Compiling paste v1.0.15
   Compiling ipnet v2.12.0
   Compiling getrandom v0.4.3
   Compiling hex v0.4.3
   Compiling tower-layer v0.3.3
   Compiling whoami v1.6.1
   Compiling simd-adler32 v0.3.9
   Compiling tower v0.5.3
   Compiling hyper-util v0.1.20
   Compiling temporal_rs v0.2.4
   Compiling v8 v149.4.0
   Compiling rsa v0.9.10
   Compiling hashbrown v0.14.5
   Compiling rand v0.9.4
   Compiling diplomat v0.15.0
   Compiling data-encoding v2.11.0
   Compiling diplomat-runtime v0.15.1
   Compiling ryu v1.0.23
   Compiling mime v0.3.17
   Compiling serde_urlencoded v0.7.1
   Compiling temporal_capi v0.2.4
   Compiling tungstenite v0.29.0
   Compiling hashlink v0.9.1
   Compiling sqlx-mysql v0.8.6
   Compiling hyper-rustls v0.27.9
   Compiling flate2 v1.1.9
   Compiling tower-http v0.6.11
   Compiling sqlx-postgres v0.8.6
   Compiling http-body-util v0.1.3
   Compiling fallible-streaming-iterator v0.1.9
   Compiling fallible-iterator v0.3.0
   Compiling s2script-core v0.0.0 (/repo/core)
   Compiling reqwest v0.12.28
   Compiling rusqlite v0.31.0
   Compiling sqlx v0.8.6
   Compiling uuid v1.24.0
   Compiling zip v0.6.6
   Compiling tokio-tungstenite v0.29.0
   Compiling s2script-cs2 v0.0.0 (/repo/games/cs2)
warning: unused doc comment
   --> core/src/gamedata_hooks.rs:700:1
    |
700 | /// Hooks that have already reported a re-entrant skip. See `note_reentrant_skip`.
    | ^^^^^^^^^^^^^^^^^^^^^^^^^^^^^^^^^^^^^^^^^^^^^^^^^^^^^^^^^^^^^^^^^^^^^^^^^^^^^^^^^^ rustdoc does not generate documentation for macro invocations
    |
    = help: to document an item produced by a macro, the macro must produce the documentation as part of its expansion
    = note: `#[warn(unused_doc_comments)]` (part of `#[warn(unused)]`) on by default

warning: unused variable: `enums_path`
    --> core/src/v8host.rs:3004:13
     |
3004 |         let enums_path = if args.length() >= 2 && !args.get(1).is_null_or_undefined() {
     |             ^^^^^^^^^^ help: if this is intentional, prefix it with an underscore: `_enums_path`
     |
     = note: `#[warn(unused_variables)]` (part of `#[warn(unused)]`) on by default

warning: method `bytes` is never used
   --> core/src/async_limits.rs:608:8
    |
607 | pub(crate) trait PayloadSize {
    |                  ----------- method in this trait
608 |     fn bytes(&self) -> usize;
    |        ^^^^^
    |
    = note: `#[warn(dead_code)]` (part of `#[warn(unused)]`) on by default

warning: function `out_channel` is never used
   --> core/src/async_limits.rs:628:15
    |
628 | pub(crate) fn out_channel<T>() -> (OutSender<T>, OutReceiver<T>) {
    |               ^^^^^^^^^^^

warning: method `send` is never used
   --> core/src/async_limits.rs:654:12
    |
648 | impl<T: PayloadSize> OutSender<T> {
    | --------------------------------- method in this implementation
...
654 |     pub fn send(&self, value: T) -> Result<(), ()> {
    |            ^^^^

warning: methods `is_empty` and `due` are never used
   --> core/src/async_rt.rs:200:12
    |
137 | impl TimerQueue {
    | --------------- methods in this implementation
...
200 |     pub fn is_empty(&self) -> bool {
    |            ^^^^^^^^
...
232 |     pub fn due(&mut self, now: std::time::Instant, frame: u64) -> Vec<u64> {
    |            ^^^

warning: function `dispatch_pending_cached` is never used
   --> core/src/cookies.rs:568:15
    |
568 | pub(crate) fn dispatch_pending_cached() {
    |               ^^^^^^^^^^^^^^^^^^^^^^^

warning: function `open` is never used
   --> core/src/db.rs:283:8
    |
283 | pub fn open(data_dir: &Path, name: &str, owner: &str) -> Result<u64, String> {
    |        ^^^^

warning: function `open_in` is never used
   --> core/src/db.rs:286:4
    |
286 | fn open_in(
    |    ^^^^^^^

warning: function `input_bytes` is never used
   --> core/src/db.rs:406:15
    |
406 | pub(crate) fn input_bytes(sql: &str, params: &[DbValue]) -> usize {
    |               ^^^^^^^^^^^

warning: function `resolve` is never used
   --> core/src/entity.rs:185:8
    |
185 | pub fn resolve(current_serial: i32, ref_serial: i32) -> bool {
    |        ^^^^^^^

warning: methods `len` and `is_empty` are never used
  --> core/src/liveness.rs:55:12
   |
19 | impl<K: Eq + Hash, M> LiveTable<K, M> {
   | ------------------------------------- methods in this implementation
...
55 |     pub fn len(&self) -> usize {
   |            ^^^
...
58 |     pub fn is_empty(&self) -> bool {
   |            ^^^^^^^^

warning: function `len` is never used
   --> core/src/entity_live.rs:102:8
    |
102 | pub fn len() -> usize { LIVE.with(|t| t.borrow().len()) }
    |        ^^^

warning: function `resolver_is_empty` is never used
  --> core/src/jobs.rs:79:15
   |
79 | pub(crate) fn resolver_is_empty() -> bool {
   |               ^^^^^^^^^^^^^^^^^

warning: function `read_s2sp` is never used
   --> core/src/loader.rs:293:8
    |
293 | pub fn read_s2sp(bytes: &[u8]) -> Result<(Manifest, String, Option<String>), String> {
    |        ^^^^^^^^^

warning: fields `permissions` and `gamedata` are never read
  --> core/src/loader_worker.rs:42:9
   |
26 | pub struct Manifest {
   |            -------- fields in this struct
...
42 |     pub permissions: Vec<String>,
   |         ^^^^^^^^^^^
43 |     #[serde(default)]
44 |     pub gamedata: Option<String>,
   |         ^^^^^^^^
   |
   = note: `Manifest` has derived impls for the traits `Clone` and `Debug`, but these are intentionally ignored during dead code analysis

warning: function `parse_s2sp` is never used
    --> core/src/loader_worker.rs:1400:15
     |
1400 | pub(crate) fn parse_s2sp(
     |               ^^^^^^^^^^

warning: field `detour` is never read
  --> core/src/multiplexer.rs:21:58
   |
21 | pub struct DispatchOutcome { pub result: HookResult, pub detour: DetourChange }
   |            --------------- field in this struct          ^^^^^^
   |
   = note: `DispatchOutcome` has derived impls for the traits `Debug` and `Clone`, but these are intentionally ignored during dead code analysis

warning: method `dispatch` is never used
   --> core/src/multiplexer.rs:147:12
    |
 68 | impl<H: Clone> Descriptor<H> {
    | ---------------------------- method in this implementation
...
147 |     pub fn dispatch(&mut self, phase: Phase, invoke: impl FnMut(&H) -> Result<HookResult, ()>) -> DispatchOutcome {
    |            ^^^^^^^^

warning: function `send` is never used
   --> core/src/net.rs:606:8
    |
606 | pub fn send(id: u64, owner: &str, b: Vec<u8>) -> bool {
    |        ^^^^

warning: function `send_to` is never used
   --> core/src/net.rs:610:8
    |
610 | pub fn send_to(id: u64, owner: &str, h: String, p: u16, b: Vec<u8>) -> bool {
    |        ^^^^^^^

warning: function `drop_conn` is never used
   --> core/src/net.rs:655:8
    |
655 | pub fn drop_conn(id: u64) {
    |        ^^^^^^^^^

warning: function `poll_signals` is never used
   --> core/src/net.rs:819:15
    |
819 | pub(crate) fn poll_signals() -> SignalPoll {
    |               ^^^^^^^^^^^^

warning: function `dispatch_pending_events` is never used
    --> core/src/net.rs:1067:15
     |
1067 | pub(crate) fn dispatch_pending_events() {
     |               ^^^^^^^^^^^^^^^^^^^^^^^

warning: associated function `none` is never used
   --> core/src/engine_ops.generated.rs:333:12
    |
331 | impl S2EngineOps {
    | ---------------- associated function in this implementation
332 |     /// Every field `None`. Test fixtures spread this and override what they wire.
333 |     pub fn none() -> Self {
    |            ^^^^

warning: function `re_materialize_config` is never used
   --> core/src/v8host/lifecycle.rs:303:15
    |
303 | pub(crate) fn re_materialize_config(id: &str) {
    |               ^^^^^^^^^^^^^^^^^^^^^

warning: function `send` is never used
   --> core/src/ws.rs:521:8
    |
521 | pub fn send(conn_id: u64, owner: &str, text: String) -> bool {
    |        ^^^^

warning: function `drop_conn` is never used
   --> core/src/ws.rs:563:8
    |
563 | pub fn drop_conn(conn_id: u64) {
    |        ^^^^^^^^^

warning: function `poll_signals` is never used
   --> core/src/ws.rs:709:15
    |
709 | pub(crate) fn poll_signals() -> SignalPoll {
    |               ^^^^^^^^^^^^

warning: function `dispatch_pending_events` is never used
   --> core/src/ws.rs:875:15
    |
875 | pub(crate) fn dispatch_pending_events() {
    |               ^^^^^^^^^^^^^^^^^^^^^^^

warning: `s2script-core` (lib) generated 30 warnings (run `cargo fix --lib -p s2script-core` to apply 1 suggestion)
    Finished `dev` profile [unoptimized + debuginfo] target(s) in 1m 22s
== cargo test -p s2script-core ==
   Compiling s2script-core v0.0.0 (/repo/core)
warning: unused import: `super::*`
   --> core/src/admin.rs:196:9
    |
196 |     use super::*;
    |         ^^^^^^^^
    |
    = note: `#[warn(unused_imports)]` (part of `#[warn(unused)]`) on by default

warning: unused imports: `LOG` and `logger`
   --> core/src/cookies.rs:742:87
    |
742 |     use crate::v8host::frame_tests::{dummy_logger, eval_in_context_string, load_body, logger,
    |                                                                                       ^^^^^^
743 |         read_global_string, read_i32_global_in, LOG};
    |                                                 ^^^

warning: unused imports: `create_plugin_context` and `eval_in_context`
   --> core/src/cookies.rs:744:25
    |
744 |     use crate::v8host::{create_plugin_context, eval_in_context, init, shutdown, unload_plugin};
    |                         ^^^^^^^^^^^^^^^^^^^^^  ^^^^^^^^^^^^^^^

warning: unused import: `eval_in_context`
   --> core/src/client.rs:400:48
    |
400 |     use crate::v8host::{create_plugin_context, eval_in_context, init, set_engine_ops, shutdown,
    |                                                ^^^^^^^^^^^^^^^

warning: unused doc comment
   --> core/src/gamedata_hooks.rs:700:1
    |
700 | /// Hooks that have already reported a re-entrant skip. See `note_reentrant_skip`.
    | ^^^^^^^^^^^^^^^^^^^^^^^^^^^^^^^^^^^^^^^^^^^^^^^^^^^^^^^^^^^^^^^^^^^^^^^^^^^^^^^^^^ rustdoc does not generate documentation for macro invocations
    |
    = help: to document an item produced by a macro, the macro must produce the documentation as part of its expansion
    = note: `#[warn(unused_doc_comments)]` (part of `#[warn(unused)]`) on by default

warning: value assigned to `x` is never read
   --> core/src/entity.rs:290:9
    |
290 |         x.b = 0x7F;
    |         ^^^^^^^^^^
    |
    = help: maybe it is overwritten before being read?
    = note: `#[warn(unused_assignments)]` (part of `#[warn(unused)]`) on by default

warning: unused variable: `enums_path`
    --> core/src/v8host.rs:3004:13
     |
3004 |         let enums_path = if args.length() >= 2 && !args.get(1).is_null_or_undefined() {
     |             ^^^^^^^^^^ help: if this is intentional, prefix it with an underscore: `_enums_path`
     |
     = note: `#[warn(unused_variables)]` (part of `#[warn(unused)]`) on by default

warning: function `read_string_global` is never used
  --> core/src/v8host/tests.rs:81:8
   |
81 |     fn read_string_global(name: &str) -> String {
   |        ^^^^^^^^^^^^^^^^^^
   |
   = note: `#[warn(dead_code)]` (part of `#[warn(unused)]`) on by default

warning: function `reconcile_publishes_rejects_a_name_published_by_a_DIFFERENT_producer` should have a snake case name
    --> core/src/v8host/tests.rs:2344:8
     |
2344 |     fn reconcile_publishes_rejects_a_name_published_by_a_DIFFERENT_producer() {
     |        ^^^^^^^^^^^^^^^^^^^^^^^^^^^^^^^^^^^^^^^^^^^^^^^^^^^^^^^^^^^^^^^^^^^^ help: convert the identifier to snake case: `reconcile_publishes_rejects_a_name_published_by_a_different_producer`
     |
     = note: `#[warn(non_snake_case)]` (part of `#[warn(nonstandard_style)]`) on by default

warning: `s2script-core` (lib test) generated 9 warnings (run `cargo fix --lib -p s2script-core --tests` to apply 5 suggestions)
    Finished `test` profile [unoptimized + debuginfo] target(s) in 12.95s
     Running unittests src/lib.rs (target/debug/deps/s2script_core-a1ad6d47f24c839f)

running 800 tests
test acquire::tests::allow_loses_to_any_deny ... ok
test acquire::tests::changed_allow_then_engine_deny_denies ... ok
test acquire::tests::changed_deny_then_engine_allow_still_denies ... ok
test acquire::tests::continue_only_takes_the_engine ... ok
test acquire::tests::first_deny_wins_between_two_handled ... ok
test acquire::tests::handled_outranks_changed_when_both_deny ... ok
test acquire::tests::handled_skips_and_implicit_deny_when_unset ... ok
test admin::tests::admin_cache_two_tier_union_and_guard ... ok
test admin::tests::admin_can_target_immunity ... ok
test admin::tests::admin_flag_parser ... ok
test admin::tests::admin_group_resolution ... ok
test admin::tests::admin_immunity_and_overrides ... ok
test admin::tests::admin_module_flags_api_and_hook ... ok
test admin::tests::admin_reinit_clears_every_tier ... ok
test async_limits::pressure_tests::impossible_items_reject_without_consuming_any_capacity ... ok
test async_limits::pressure_tests::invalid_loader_policy_is_a_complete_default_fallback ... ok
test async_limits::pressure_tests::loader_policy_defaults_and_partial_nested_overrides_are_central ... ok
test async_limits::pressure_tests::lossy_conversion_peak_fits_the_preallocated_reservation ... ok
test async_limits::pressure_tests::malformed_policy_is_all_or_nothing_and_checks_reservations ... ok
test async_limits::pressure_tests::old_generation_keeps_global_bytes_until_producer_exit ... ok
test async_limits::pressure_tests::one_item_frames_alternate_pre_and_callback_progress ... ok
test async_limits::pressure_tests::oversized_delivery_is_alone_even_when_more_rounds_are_available ... ok
test async_limits::pressure_tests::partial_result_builders_never_wait_and_failure_capacity_survives ... ok
test async_limits::pressure_tests::utf8_final_size_counts_replacement_expansion ... ok
test async_limits::tests::admission_is_atomic_at_count_and_byte_edges ... ok
test async_rt::tests::bounded_worker_queue_rejects_without_retaining_the_rejected_job ... ok
test async_rt::tests::cancelling_duplicate_ids_physically_removes_every_indexed_entry ... ok
test async_rt::tests::deadline_timer_is_due_only_after_its_instant ... ok
test async_rt::tests::due_limited_preserves_overdue_work_and_global_insertion_order ... ok
test async_rt::tests::frame_timer_is_due_at_or_after_target_frame ... ok
test async_rt::tests::indexed_queue_matches_linear_oracle_for_interleaved_operations ... ok
test async_rt::tests::indexed_queue_matches_linear_oracle_under_deterministic_churn ... ok
test async_rt::tests::limited_due_selection_retains_insertion_order_and_zero_retains_everything ... ok
test async_rt::tests::multiple_due_timers_all_returned_and_removed ... ok
test async_rt::tests::pool_runs_job_off_thread_and_reports_completion ... ok
test async_rt::tests::sparse_due_batches_across_the_old_bulk_threshold_retain_valid_indexes ... ok
test async_rt::tests::timer_examined_reports_indexed_eligibility_work ... ok
test async_rt::tests::try_recv_completed_is_nonblocking_when_empty ... ok
test bans::tests::ban_check_expiry_semantics ... ok
test bans::tests::bans_natives_and_prelude ... ok
test channels::tests::dispatch_snapshot_survives_subscription_changes_and_future_snapshots_reflect_them ... ok
test channels::tests::duplicate_and_unknown_id_disposal_is_idempotent_and_prunes_the_descriptor ... ok
test channels::tests::generation_survives_the_descriptor_round_trip_per_subscriber ... ok
test channels::tests::is_empty_tracks_every_channel ... ok
test channels::tests::remove_by_ids_drops_exactly_those_subscriptions ... ok
test channels::tests::remove_by_ids_ignores_unknown_ids ... ok
test channels::tests::remove_by_owner_on_prunes_only_that_owners_reverse_mappings ... ok
test channels::tests::remove_by_owner_on_scopes_to_one_channel ... ok
test channels::tests::remove_by_owner_reports_emptied_channels_only ... ok
test channels::tests::shared_channel_owner_churn_retains_only_the_live_reverse_mapping ... ok
test channels::tests::snapshot_returns_owner_generation_handler_in_registration_order ... ok
test channels::tests::subscribe_reports_only_the_first_per_channel ... ok
test channels::tests::unique_channel_churn_releases_reverse_mappings_and_empty_descriptors ... ok
test client::tests::client_command_degrades_without_ops ... ok
test client::tests::client_command_passes_slot_and_text_verbatim ... ok
test client::tests::client_command_refuses_empty_text ... ok
test client::tests::client_command_refuses_out_of_range_slot ... ok
test client::tests::client_console_print_and_address_degrade_without_ops ... ok
test client::tests::client_dispatch_delivers_client_with_slot ... ok
test client::tests::client_natives_degrade_without_ops ... ok
test client::tests::clients_prelude_exposes_client_and_clients_namespace ... ok
test client::tests::clients_prelude_exposes_print_ip_and_kick_with_reason ... ok
test client::tests::current_connection_actions_and_identity_remain_available ... ok
test client::tests::deferred_disconnect_identity_is_scoped_and_cannot_touch_new_occupant ... ok
test client::tests::fake_command_passes_slot_and_text_verbatim ... ok
test client::tests::fake_command_refuses_bad_slot_and_empty_text ... ok
test client::tests::legacy_snapshot_copies_each_engine_string_before_the_next_call ... ok
test client::tests::lifecycle_replay_never_adopts_replacement_and_rechecks_each_subscriber ... ok
test client::tests::map_reconciliation_end_retires_only_departed_connection_state ... ok
test client::tests::saved_client_cannot_act_on_reused_slot_even_for_same_account ... ok
test client::tests::shutdown_clears_connections_without_reusing_generations ... ok
test client::tests::stale_actions_delayed_kick_and_reentrant_coercion_cannot_target_replacement ... ok
test commands::tests::chat_dispatch_host_say_parses_and_suppresses ... ok
test commands::tests::chat_message_subscriber_suppresses_on_handled ... ok
test commands::tests::chat_on_message_native_degrades_without_ops ... ok
test commands::tests::chat_triggers_parse_and_dispatch ... ok
test commands::tests::client_command_listener_can_suppress ... ok
test commands::tests::client_command_listener_coexists_with_a_registered_command ... ok
test commands::tests::client_command_listener_observes_without_superseding ... ok
test commands::tests::command_dispatch_builds_ctx_and_routes_reply ... ok
test commands::tests::command_trio_server_and_admin_gating ... ok
test commands::tests::commands_dispatch_reply_source_param ... ok
test commands::tests::commands_list_returns_name_and_flags ... ok
test commands::tests::concommand_callback_receives_slot_and_args ... ok
test commands::tests::explicit_reply_targets_degrade_at_slot_minus_one ... ok
test commands::tests::explicit_reply_targets_override_source ... ok
test commands::tests::explicit_reply_targets_route_and_strip ... ok
test commands::tests::handle_chat_trigger_replies_to_chat ... ok
test commands::tests::reply_methods_survive_being_detached_from_ctx ... ok
test commands::tests::reply_routes_by_reply_source ... ok
test commands::tests::reply_source_derives_from_entry_point ... ok
test commands::tests::reply_source_falls_back_to_slot ... ok
test commands::tests::replyt_inherits_routing ... ok
test config::tests::bad_default_degrades_to_zero_value_with_warn ... ok
test config::tests::defaults_only_when_no_override ... ok
test config::tests::dotted_key_decl_is_skipped_with_warn ... ok
test config::tests::enum_override_not_in_set_falls_back ... ok
test config::tests::flat_manifest_parses_and_materializes_unchanged ... ok
test config::tests::generate_default_jsonc_nested_sections_reparse ... ok
test config::tests::in_range_override_is_kept ... ok
test config::tests::jsonc_comments_are_stripped ... ok
test config::tests::malformed_override_uses_all_defaults ... ok
test config::tests::out_of_range_override_falls_back_to_default_with_warn ... ok
test config::tests::override_merges_and_wrong_type_falls_back ... ok
test config::tests::section_child_named_type_is_a_section ... ok
test config::tests::section_override_merges_nested ... ok
test config::tests::sectioned_manifest_materializes_nested ... ok
test cookies::native_tests::admission_rejection_preserves_online_offline_cache_and_disconnect ... ok
test cookies::native_tests::cached_fanout_rechecks_connection_after_each_subscriber ... ok
test cookies::native_tests::clientprefs_module_empty_string_and_get_time ... ok
test cookies::native_tests::clientprefs_module_get_set_default_and_bot_skip ... ok
test cookies::native_tests::clientprefs_module_set_authid_offline_and_bot_skip ... ok
test cookies::native_tests::cookie_cached_dispatch_fans_out_queued_slots ... ok
test cookies::native_tests::cookie_natives_empty_string_and_get_time ... ok
test cookies::native_tests::cookie_natives_round_trip ... ok
test cookies::native_tests::owner_reload_and_core_reinit_keep_epoch_payloads_and_reject_late_sql_actor ... ok
test cookies::native_tests::queued_cached_event_is_dropped_after_reuse ... ok
test cookies::outbox_tests::account_fifo_blocks_later_keys_while_earliest_retries ... ok
test cookies::outbox_tests::acknowledged_offline_account_history_plateaus_without_losing_newer_pending ... ok
test cookies::outbox_tests::allocator_exhaustion_rejects_without_wrap ... ok
test cookies::outbox_tests::exact_bytes_retry_cap_fifo_and_reclaim ... ok
test cookies::outbox_tests::pressure_coalescing_fence_and_immutable_attempt ... ok
test cookies::outbox_tests::saturated_accounts_progress_fairly_and_bytes_are_exact ... ok
test cookies::outbox_tests::success_of_old_attempt_never_acknowledges_new_ready_value ... ok
test cookies::tests::cached_flag_tracks ... ok
test cookies::tests::clear_removes_client ... ok
test cookies::tests::empty_string_is_a_hit_not_a_miss ... ok
test cookies::tests::get_time_reads_back_updated ... ok
test cookies::tests::load_is_not_dirty ... ok
test cookies::tests::online_change_supersedes_offline_cache_when_same_account_reconnects ... ok
test cookies::tests::online_set_reports_admission ... ok
test cookies::tests::reset_clears_all ... ok
test cookies::tests::same_account_reconnect_fences_load_and_detaches_dirty_state ... ok
test cookies::tests::set_get_and_dirty ... ok
test crash::breadcrumb::tests::copy_cstr_truncates_and_terminates ... ok
test crash::breadcrumb::tests::dispatch_guard_stamps_and_restores ... ok
test crash::breadcrumb::tests::identity_game_map_players_stamp ... ok
test crash::breadcrumb::tests::plugin_table_add_remove_and_overflow ... ok
test crash::breadcrumb::tests::ring_records_last_16_in_order ... ok
test crash::config::tests::defaults_are_opt_out_and_fail_off ... ok
test crash::config::tests::malformed_json_degrades_to_defaults ... ok
test crash::config::tests::parse_overrides_and_tolerates_jsonc_comments ... ok
test crash::dedup::tests::fnv_is_stable_and_part_sensitive ... ok
test crash::dedup::tests::rate_limiter_first_then_interval_then_caps ... ok
test crash::dedup::tests::rate_limiter_total_cap ... ok
test crash::envelope::tests::iso8601_epoch_and_known_date ... ok
test crash::envelope::tests::render_panic_envelope_matches_schema_v1 ... ok
test crash::envelope::tests::scrub_toggles_blank_map_and_players ... ok
test crash::panic_hook::tests::swallowed_panic_writes_a_panic_envelope_to_spool ... ok
test crash::spool::tests::spool_is_bounded_at_max ... ok
test crash::spool::tests::write_scan_mark_sent_roundtrip ... ok
test crash::tests::parse_top_frame_variants ... ok
test crash::uploader::tests::finalize_patches_server_id ... ok
test crash::uploader::tests::server_id_is_created_once_and_stable ... ok
test crash::uploader::tests::sweep_disabled_uploads_nothing ... ok
test crash::uploader::tests::sweep_uploads_envelope_and_marks_sent ... ok
test db::tests::bad_statement_errors_but_actor_survives ... ok
test db::tests::closed_handle_is_invalid ... ok
test db::tests::concurrent_different_handles ... ok
test db::tests::fifo_ordering_execute_then_query_sees_insert ... ok
test db::tests::full_actor_queue_close_and_reload_keep_old_actor_and_inputs_charged ... ok
test db::tests::invalid_name_rejected ... ok
test db::tests::open_create_insert_select_roundtrip ... ok
test db::tests::sqlite_exact_final_utf8_row_byte_edges_and_recovery ... ok
test db::tests::sqlite_publication_drops_actual_input_before_consumer_can_release_lease ... ok
test db::tests::sqlite_retained_vector_capacity_fits_its_reservation ... ok
test db::tests::submit_to_wrong_owner_is_invalid_handle ... ok
test entity::native_tests::ent_ref_natives_degrade_without_engine_ops ... ok
test entity::native_tests::ent_ref_write_chain_degrades_safely ... ok
test entity::native_tests::entity_create_native_degrades_to_null_without_op ... ok
test entity::native_tests::entity_event_dispatch_delivers_class_to_matching_subscriber ... ok
test entity::native_tests::entity_event_dispatch_delivers_live_entityref ... ok
test entity::native_tests::entity_event_dispatch_respects_kind ... ok
test entity::native_tests::entity_listener_install_called_once_on_first_subscribe ... ok
test entity::native_tests::entity_name_degrades_to_null_without_ops ... ok
test entity::native_tests::entity_ref_degrades_without_ops ... ok
test entity::native_tests::entity_target_degrades_to_null_without_ops ... ok
test entity::native_tests::identity_flags_is_slot_side_and_books_gated ... ok
test entity::native_tests::same_index_serial_on_new_map_does_not_revive_old_refs ... ok
test entity::native_tests::stale_ref_after_map_start_is_null_not_uaf ... ok
test entity::tests::decode_handle_is_inverse_of_encode ... ok
test entity::tests::guards_null_and_negative_offset ... ok
test entity::tests::narrow_int_writes_guard_null_and_negative_offset ... ok
test entity::tests::narrow_int_writes_roundtrip_truncate_and_signextend ... ok
test entity::tests::read_i8_i16_sign_extend ... ok
test entity::tests::read_ptr_reads_a_pointer_field ... ok
test entity::tests::read_string_nul_terminated_and_bounded ... ok
test entity::tests::read_u32_and_read_ptr_guard_null_and_negative ... ok
test entity::tests::read_u32_reads_at_offset ... ok
test entity::tests::read_u64_i64_f64_roundtrip ... ok
test entity::tests::read_u8_u16_zero_extend ... ok
test entity::tests::read_write_bool_roundtrips_and_reads_nonzero_as_true ... ok
test entity::tests::read_write_f32_roundtrips ... ok
test entity::tests::resolve_matches_only_equal_nonneg_serials ... ok
test entity::tests::sixtyfour_bit_and_string_guard_null_and_negative_offset ... ok
test entity::tests::typed_reads_guard_null_and_negative_offset ... ok
test entity::tests::write_string_guards_null_and_bad_bounds ... ok
test entity::tests::write_string_writes_nul_terminates_and_truncates ... ok
test entity::tests::write_then_read_roundtrips_at_offset ... ok
test entity_live::tests::create_lookup_adopt_and_id_translation ... ok
test entity_live::tests::delete_removes_only_on_serial_match ... ok
test entity_live::tests::map_transition_clears_arms_and_never_reuses_ids ... ok
test entity_live::tests::repair_reconcile_upserts_and_evicts ... ok
test entity_live::tests::spawn_repairs_a_missed_create_but_keeps_a_matching_id ... ok
test events::tests::dispatch_game_event_pre_no_subs_allows ... ok
test events::tests::events_module_events_on_off_drives_dispatch_via_pkg ... ok
test events::tests::game_event_dispatch_subscribe_accessor_and_teardown ... ok
test events::tests::game_event_explicit_unsubscribe_removes_handler_and_fires_engine_op ... ok
test events::tests::game_event_explicit_unsubscribe_two_plugins_last_fires_op ... ok
test events::tests::game_event_two_subscribers_first_last_semantics ... ok
test events::tests::pre_hooks_collapse_and_degrade ... ok
test events::tests::reentrant_dispatch_skips_gracefully_no_panic ... ok
test ffi::tests::breadcrumb_ffi_exports_and_dispatch_stamping ... ok
test ffi::tests::crash_test_native_is_gated_by_dev_test_config ... ok
test ffi::tests::defer_selftest_native_exists_only_when_the_env_var_is_set ... ok
test ffi::tests::deferred_sentinel_cannot_collide_with_any_dispatch_result ... ok
test ffi::tests::entity_event_feed_updates_books_with_no_subscribers ... ok
test ffi::tests::eval_with_js_exception_returns_nonzero_and_does_not_panic ... ok
test ffi::tests::handled_rejection_is_not_reported ... ok
test ffi::tests::init_eval_console_log_shutdown_and_reinit ... ok
test ffi::tests::map_start_clears_books_and_arms_repair_sweep ... ok
test ffi::tests::subscribe_installs_dispatch_runs_unsubscribe_removes ... ok
test ffi::tests::throwing_frame_handler_spools_a_js_incident_once ... ok
test ffi::tests::unhandled_rejection_spools_a_js_incident ... ok
test fold::tests::and_fold_is_intersection_and_none_is_not_zero ... ok
test fold::tests::clear_key_drops_every_owner_at_that_key ... ok
test fold::tests::evict_at_drops_only_the_stale_values ... ok
test fold::tests::fold_except_skips_the_caller_and_honors_include ... ok
test fold::tests::remove_owner_returns_touched_keys_and_leaves_the_survivor ... ok
test gamedata_calls::tests::a_plugin_cannot_register_under_the_reserved_owner_id ... ok
test gamedata_calls::tests::an_inline_target_validate_wins_over_the_signature_entrys ... ok
test gamedata_calls::tests::arg_classification_preserves_order_within_each_class ... ok
test gamedata_calls::tests::arg_classification_splits_int_and_float_slots ... ok
test gamedata_calls::tests::decl_with_arg_names_still_flattens ... ok
test gamedata_calls::tests::drop_plugin_leaves_other_plugins_alone ... ok
test gamedata_calls::tests::flatten_lifts_the_platform_signature_entry_into_the_target ... ok
test gamedata_calls::tests::flatten_lifts_the_platform_vtable_entry_into_the_target ... ok
test gamedata_calls::tests::flatten_lifts_the_signature_entrys_validate_with_its_pattern ... ok
test gamedata_calls::tests::flatten_names_a_missing_platform_entry ... ok
test gamedata_calls::tests::game_package_descriptors_bypass_the_engine_calls_allow_list ... ok
test gamedata_calls::tests::out_of_vocabulary_and_over_budget_descriptors_are_named ... ok
test gamedata_calls::tests::re_registering_the_game_package_replaces_the_previous_view ... ok
test gamedata_calls::tests::registry_degrades_when_ops_absent ... ok
test gamedata_calls::tests::registry_degrades_when_permission_denied ... ok
test gamedata_calls::tests::status_of_unknown_call_is_named ... ok
test gamedata_calls::tests::the_reserved_namespace_is_not_an_npm_name ... ok
test gamedata_calls::tests::the_same_descriptors_from_a_plugin_are_still_allow_listed ... ok
test gamedata_calls::tests::unload_drops_a_plugins_descriptors ... ok
test gamedata_hooks::tests::a_hook_with_no_or_bad_ctx_namespace_is_rejected_by_name ... ok
test gamedata_hooks::tests::a_hook_without_a_validator_is_rejected_by_name ... ok
test gamedata_hooks::tests::a_known_bypass_target_arms_that_calls_latch ... ok
test gamedata_hooks::tests::a_plugin_cannot_register_under_the_reserved_owner_id ... ok
test gamedata_hooks::tests::a_refused_install_is_named_and_retried ... ok
test gamedata_hooks::tests::a_reload_reuses_the_same_slot_and_does_not_reinstall ... ok
test gamedata_hooks::tests::a_resolve_failure_carries_the_shims_reason ... ok
test gamedata_hooks::tests::a_zero_address_is_refused ... ok
test gamedata_hooks::tests::an_empty_validator_object_is_rejected_too ... ok
test gamedata_hooks::tests::an_unknown_bypass_target_is_rejected_by_name ... ok
test gamedata_hooks::tests::an_unknown_shape_is_rejected_by_name ... ok
test gamedata_hooks::tests::dropping_an_owner_leaves_the_detour_installed ... ok
test gamedata_hooks::tests::game_package_hooks_bypass_the_allow_list ... ok
test gamedata_hooks::tests::gamedata_without_hooks_registers_nothing_and_warns_nothing ... ok
test gamedata_hooks::tests::hook_for_id_only_answers_for_installed_slots ... ok
test gamedata_hooks::tests::install_happens_on_first_subscribe_only ... ok
test gamedata_hooks::tests::malformed_gamedata_registers_nothing ... ok
test gamedata_hooks::tests::mutable_is_recorded_per_param_index ... ok
test gamedata_hooks::tests::param_and_mutable_grammar_is_enforced_by_name ... ok
test gamedata_hooks::tests::receiver_grammar_is_enforced_by_name ... ok
test gamedata_hooks::tests::registration_alone_installs_nothing ... ok
test gamedata_hooks::tests::registry_degrades_when_permission_denied ... ok
test gamedata_hooks::tests::reset_all_clears_the_slot_table_too ... ok
test gamedata_hooks::tests::slot_exhaustion_is_a_named_degrade ... ok
test gamedata_hooks::tests::status_of_an_unknown_hook_is_named ... ok
test gamedata_hooks::tests::subscribing_to_an_unknown_hook_reports_the_named_reason ... ok
test gamedata_hooks::tests::the_engine_calls_permission_does_not_grant_hooks ... ok
test gamedata_hooks::tests::the_shape_vocabulary_is_pinned ... ok
test http::tests::fetch_404_resolves_not_rejects ... ok
test http::tests::fetch_bad_host_rejects ... ok
test http::tests::fetch_local_server_ok ... ok
test http::tests::http_final_utf8_exact_boundary_and_declared_or_chunked_overflow ... ok
test interfaces::tests::a_new_producer_may_claim_a_name_after_the_incumbent_unloads ... ok
test interfaces::tests::a_second_live_producer_of_the_same_interface_is_rejected ... ok
test interfaces::tests::call_target_ok_when_hash_matches_absent_or_unpublished ... ok
test interfaces::tests::call_target_reports_unavailable_mismatch_ok ... ok
test interfaces::tests::call_target_types_mismatch_when_compiled_hash_differs ... ok
test interfaces::tests::characterize_major_mismatch_is_correctly_refused ... ok
test interfaces::tests::characterize_major_only_matching_accepts_older_minors_post_1_0 ... ok
test interfaces::tests::characterize_major_only_matching_accepts_wrong_minors_pre_1_0 ... ok
test interfaces::tests::clear_empties_ifaces_and_imports ... ok
test interfaces::tests::consumer_of_sub_returns_owner ... ok
test interfaces::tests::dep_kind_and_availability ... ok
test interfaces::tests::live_subscriber_ids_filters_by_event_and_liveness ... ok
test interfaces::tests::producer_of_returns_id_and_generation ... ok
test interfaces::tests::publish_then_lookup ... ok
test interfaces::tests::remove_by_producer_drops_all_its_interfaces ... ok
test interfaces::tests::remove_subscribers_by_consumer_on_drops_only_matching_name_event ... ok
test interfaces::tests::republish_by_the_same_producer_succeeds_and_keeps_subscribers ... ok
test interfaces::tests::republish_preserves_existing_subscribers ... ok
test interfaces::tests::subscribers_add_and_remove_by_consumer ... ok
test interfaces::tests::unload_order_puts_consumers_before_producers ... ok
test interfaces::tests::version_satisfies_caret_and_x_and_star ... ok
test jobs::tests::async_ids_remain_monotonic_across_singleton_reset ... ok
test jobs::tests::missing_and_double_completion_do_not_undercount_pending ... ok
test jobs::tests::request_header_growth_is_amortized_and_fits_admitted_metadata ... ok
test liveness::tests::clear_drops_entries_but_never_resets_the_allocator ... ok
test liveness::tests::mint_is_monotonic_and_replace_invalidates_the_old_id ... ok
test liveness::tests::remove_get_mut_keys_len ... ok
test loader::tests::api_version_compatible_accepts_matching_major ... ok
test loader::tests::api_version_incompatible_rejects_wrong_or_missing_major ... ok
test loader::tests::cancelled_and_deleted_recreated_paths_reject_late_worker_results ... ok
test loader::tests::compiled_against_prefers_the_prevalidated_in_batch_producer_hash ... ok
test loader::tests::config_path_resolver_is_versioned_and_copies_the_returned_path ... ok
test loader::tests::contract_fixed_point_removes_consumers_of_a_refused_candidate_producer ... ok
test loader::tests::contract_resolution_reconsiders_a_consumer_against_the_retained_live_producer ... ok
test loader::tests::delayed_coalesced_first_watch_and_joining_watcher_apply_unseen_edit ... ok
test loader::tests::delayed_first_watch_and_joining_watcher_suppress_unchanged_defaults ... ok
test loader::tests::drain_budget_defers_a_second_large_apply_instead_of_draining_the_batch ... ok
test loader::tests::invalid_waiting_reload_keeps_the_running_generation ... ok
test loader::tests::legacy_manifest_with_builtins_in_plugin_deps_still_loads ... ok
test loader::tests::load_batch_orders_producers_before_consumers ... ok
test loader::tests::loader_metrics_follow_retained_ownership_across_active_ready_and_waiting ... ok
test loader::tests::loader_metrics_schema_reports_charged_ownership_and_resets_after_join ... ok
test loader::tests::manifest_defaults_missing_dependency_maps_to_empty ... ok
test loader::tests::manifest_parses_both_dependency_maps ... ok
test loader::tests::manifest_parses_compiled_against_and_flows_into_imports ... ok
test loader::tests::manifest_parses_derived_publishes_block ... ok
test loader::tests::manifest_parses_permissions_and_gamedata ... ok
test loader::tests::manifest_publishes_may_name_a_different_interface_than_the_package ... ok
test loader::tests::manifest_without_compiled_against_defaults_empty ... ok
test loader::tests::manifest_without_permissions_defaults_empty ... ok
test loader::tests::manifest_without_publishes_yields_an_empty_map ... ok
test loader::tests::oscillating_provider_contract_is_refused_instead_of_selecting_an_arbitrary_state ... ok
test loader::tests::pending_metrics_track_admission_and_dimension_rejections ... ok
test loader::tests::periodic_apply_queues_reload_instead_of_tearing_down_a_loading_factory ... ok
test loader::tests::permission_allowed_after_allow_list_load ... ok
test loader::tests::permission_is_default_deny ... ok
test loader::tests::read_s2sp_extracts_manifest_and_plugin_js ... ok
test loader::tests::read_s2sp_refuses_a_manifest_claiming_a_reserved_owner_id ... ok
test loader::tests::read_s2sp_rejects_missing_manifest_named ... ok
test loader::tests::read_s2sp_returns_the_packed_gamedata_member ... ok
test loader::tests::ready_apply_queue_keeps_the_second_payload_charged_for_a_later_frame ... ok
test loader::tests::refused_load_is_remembered_by_path_and_mtime ... ok
test loader::tests::removed_plugin_paths_do_not_accumulate_revision_tombstones ... ok
test loader::tests::retained_payload_lease_stays_charged_across_moves_and_config_growth ... ok
test loader::tests::retired_pending_watch_does_not_reregister_for_a_permissions_consumer ... ok
test loader::tests::topo_cycle_falls_back_to_name_order ... ok
test loader::tests::unload_of_a_same_id_waiting_reload_unloads_the_retained_old_generation ... ok
test loader::tests::vanished_path_cancels_ready_candidate_and_cannot_resurrect_it ... ok
test loader::tests::waiting_release_revalidates_contract_against_the_now_live_producer ... ok
test loader_worker::retirement_regressions::coalesced_retirements_must_release_the_older_committed_generation ... ok
test loader_worker::retirement_regressions::config_metrics_report_the_shared_cap_and_retained_breakdown ... ok
test loader_worker::retirement_regressions::retire_through_releases_predecessor_bytes_and_preserves_newer_proposal ... ok
test loader_worker::retirement_regressions::retirement_before_queued_read_must_not_orphan_a_late_seed ... ok
test loader_worker::retirement_regressions::retirement_fences_preserve_the_newest_queued_and_inflight_successor ... ok
test loader_worker::tests::archive_entry_count_is_bounded_before_member_extraction ... ok
test loader_worker::tests::archive_member_limits_reject_oversized_plugin_js_before_allocation ... ok
test loader_worker::tests::baseline_and_proposal_bytes_stay_charged_until_worker_resolution_or_retirement ... ok
test loader_worker::tests::coalesced_seed_replaced_by_error_does_not_leak_its_watch_slot ... ok
test loader_worker::tests::config_result_reservation_covers_worst_case_lossy_utf8_expansion ... ok
test loader_worker::tests::config_utf8_decoding_matches_the_existing_lossy_engine_adapter ... ok
test loader_worker::tests::failed_superseding_read_discards_the_older_undelivered_proposal ... ok
test loader_worker::tests::fifo_is_opened_nonblocking_and_refused_as_non_regular ... ok
test loader_worker::tests::final_unwatch_retires_capacity_and_old_retire_cannot_erase_a_new_generation ... ok
test loader_worker::tests::full_watch_control_partition_does_not_consume_transient_request_progress ... ok
test loader_worker::tests::impossible_watch_control_reservation_is_oversized_not_retryable_pressure ... ok
test loader_worker::tests::invalid_optional_gamedata_remains_absent ... ok
test loader_worker::tests::malformed_utf8_plugin_member_is_named ... ok
test loader_worker::tests::metrics_follow_shared_obligations_and_saturation_without_double_counting ... ok
test loader_worker::tests::missing_config_is_a_successful_absent_snapshot_with_original_tags ... ok
test loader_worker::tests::policy_rejects_a_result_budget_that_cannot_cover_each_admitted_obligation ... ok
test loader_worker::tests::policy_requires_retained_capacity_for_archive_plus_decoded_config ... ok
test loader_worker::tests::queue_pressure_is_retryable_after_the_reserved_result_is_drained ... ok
test loader_worker::tests::request_queue_coalesces_the_same_path_without_consuming_another_slot ... ok
test loader_worker::tests::retirement_control_progresses_while_the_data_result_queue_is_full ... ok
test loader_worker::tests::scan_error_is_distinct_from_a_missing_directory ... ok
test loader_worker::tests::scan_overflow_fails_the_entire_snapshot_instead_of_returning_a_prefix ... ok
test loader_worker::tests::shutdown_joins_a_slow_regular_file_read_without_detaching ... ok
test loader_worker::tests::slow_read_barrier_never_blocks_main_side_polling ... ok
test loader_worker::tests::stable_read_detects_delete_and_recreate_during_the_read ... ok
test loader_worker::tests::stable_read_rejects_a_file_larger_than_the_absolute_capacity ... ok
test loader_worker::tests::three_revisions_while_the_first_is_in_flight_keep_only_the_latest_rerun ... ok
test loader_worker::tests::undelivered_change_survives_a_coalesced_unchanged_reread ... ok
test loader_worker::tests::watched_config_baseline_pressure_is_bounded_and_retryable ... ok
test loader_worker::tests::watched_config_exact_comparison_and_baseline_live_on_the_worker ... ok
test loader_worker::tests::watched_generation_reserves_retirement_control_before_delivery_ack ... ok
test multiplexer::tests::collapse_is_max_by_precedence ... ok
test multiplexer::tests::first_subscription_requests_install ... ok
test multiplexer::tests::handled_does_not_short_circuit ... ok
test multiplexer::tests::handler_error_is_continue_and_counts_then_auto_disables ... ok
test multiplexer::tests::monitor_runs_after_and_return_is_ignored ... ok
test multiplexer::tests::phases_are_isolated ... ok
test multiplexer::tests::priority_order_high_to_monitor_then_registration_order ... ok
test multiplexer::tests::remove_by_owner_drops_that_plugins_subs_only ... ok
test multiplexer::tests::snapshot_excludes_subs_added_after_it ... ok
test multiplexer::tests::stop_short_circuits_remaining_non_monitor ... ok
test multiplexer::tests::unsubscribe_excludes_from_future_snapshots_and_lazy_removes ... ok
test net::tests::a_thousand_adapter_transitions_leave_no_socket_state ... ok
test net::tests::continuous_tcp_reads_do_not_starve_a_queued_write_or_shutdown ... ok
test net::tests::fair_io_primitive_used_by_tcp_and_udp_selects_both_ready_sides ... ok
test net::tests::injected_tcp_write_failure_returns_one_error_terminal ... ok
test net::tests::owner_shutdown_cancels_a_pending_connector_silently ... ok
test net::tests::owner_shutdown_interrupts_an_injected_pending_tcp_write ... ok
test net::tests::pending_tcp_write_obeys_one_grace_deadline ... ok
test net::tests::poll_signals_failed_connect_is_a_drop_without_an_event ... ok
test net::tests::poll_signals_returns_connects_and_queues_events ... ok
test net::tests::simultaneous_peer_and_local_tcp_close_produces_one_terminal ... ok
test net::tests::tcp_bad_port_fails ... ok
test net::tests::tcp_connect_send_echo ... ok
test net::tests::tcp_connect_timeout_is_injected_and_bounded ... ok
test net::tests::udp_bind_send_recv ... ok
test owner_stores::tests::reset_clears_registrations_without_running_them ... ok
test owner_stores::tests::sweep_ids_skips_empty_and_hits_all_stores ... ok
test owner_stores::tests::sweep_owner_runs_every_store_in_registration_order ... ok
test owner_stores::tests::sweep_reset_runs_every_store_in_registration_order ... ok
test plugin::tests::explicit_disposal_then_unload_preserves_reverse_order_exactly_once ... ok
test plugin::tests::generations_come_from_one_shared_monotonic_counter_starting_at_zero ... ok
test plugin::tests::insert_assigns_and_reload_bumps_generation ... ok
test plugin::tests::late_release_after_owner_reload_cannot_touch_new_generation ... ok
test plugin::tests::one_hundred_thousand_completed_jobs_preserve_only_active_multiplicity ... ok
test plugin::tests::one_hundred_thousand_completed_timers_leave_no_active_resources ... ok
test plugin::tests::phase_is_copy_eq ... ok
test plugin::tests::record_iface_resources_preserve_acquisition_order ... ok
test plugin::tests::remove_makes_it_not_live_and_returns_ledger ... ok
test plugin::tests::teardown_includes_iface_resources_in_reverse_order ... ok
test plugin::tests::teardown_is_reverse_acquisition_order ... ok
test process_singletons::tests::reset_all_runs_only_the_requested_phase_in_registration_order ... ok
test process_singletons::tests::reset_clears_registrations_without_running_them ... ok
test schema::tests::miss_requeried_warns_once_then_caches_on_hit ... ok
test schema::tests::resolves_once_and_caches_hits ... ok
test schema_catalog::tests::add_field_to_unknown_class_is_defensive_no_panic ... ok
test schema_catalog::tests::enum_table_dedupes_and_rejects_an_unstated_width ... ok
test schema_catalog::tests::enum_width_is_recorded_and_only_when_stated ... ok
test schema_catalog::tests::output_is_deterministic_across_identical_builds ... ok
test schema_catalog::tests::root_class_omits_parent ... ok
test schema_catalog::tests::serializes_classes_fields_and_types ... ok
test schema_catalog::tests::unknown_kind_round_trips ... ok
test sdkhooks::tests::sdkhook_alive_without_backing_returns_false ... ok
test sdkhooks::tests::sdkhook_canbeautobalanced_first_add_calls_op ... ok
test sdkhooks::tests::sdkhook_canbeautobalanced_passes_client ... ok
test sdkhooks::tests::sdkhook_canbeautobalanced_skips_without_client ... ok
test sdkhooks::tests::sdkhook_destroy_unhooks ... ok
test sdkhooks::tests::sdkhook_dispatch_only_matching_victim ... ok
test sdkhooks::tests::sdkhook_dispatch_uses_detached_registration_snapshot ... ok
test sdkhooks::tests::sdkhook_false_on_stale_entity ... ok
test sdkhooks::tests::sdkhook_getmaxhealth_first_add_calls_op ... ok
test sdkhooks::tests::sdkhook_getmaxhealth_mutates_and_supercede ... ok
test sdkhooks::tests::sdkhook_handled_does_not_stop_the_chain ... ok
test sdkhooks::tests::sdkhook_handled_zeroes_live_damage ... ok
test sdkhooks::tests::sdkhook_no_victim_runs_nobody ... ok
test sdkhooks::tests::sdkhook_ontakedamage_post_does_not_run_on_pre_dispatch ... ok
test sdkhooks::tests::sdkhook_ontakedamage_post_handled_does_not_zero ... ok
test sdkhooks::tests::sdkhook_ontakedamage_post_records_without_vp ... ok
test sdkhooks::tests::sdkhook_ontakedamage_post_setter_is_ignored ... ok
test sdkhooks::tests::sdkhook_ontakedamage_post_stop_does_not_truncate ... ok
test sdkhooks::tests::sdkhook_prelude_alive_does_not_throw ... ok
test sdkhooks::tests::sdkhook_prelude_null_entity_returns_false ... ok
test sdkhooks::tests::sdkhook_prelude_think_without_op_returns_false ... ok
test sdkhooks::tests::sdkhook_prelude_throws_on_unsupported_type ... ok
test sdkhooks::tests::sdkhook_prelude_touch_without_op_returns_false ... ok
test sdkhooks::tests::sdkhook_reload_first_add_calls_op ... ok
test sdkhooks::tests::sdkhook_reload_stop_truncates ... ok
test sdkhooks::tests::sdkhook_reloadpost_without_backing_returns_false ... ok
test sdkhooks::tests::sdkhook_shouldcollide_first_add_calls_op ... ok
test sdkhooks::tests::sdkhook_shouldcollide_last_boolean_wins ... ok
test sdkhooks::tests::sdkhook_shouldcollide_void_keeps_original ... ok
test sdkhooks::tests::sdkhook_slot_reuse_does_not_dispatch_removed_identity ... ok
test sdkhooks::tests::sdkhook_snapshot_lookup_work_depends_on_addressed_subscribers ... ok
test sdkhooks::tests::sdkhook_spawn_first_add_calls_op ... ok
test sdkhooks::tests::sdkhook_spawn_handled_supercede ... ok
test sdkhooks::tests::sdkhook_spawn_missing_op_returns_false ... ok
test sdkhooks::tests::sdkhook_spawn_second_add_same_does_not ... ok
test sdkhooks::tests::sdkhook_stale_owner_generation_is_disabled ... ok
test sdkhooks::tests::sdkhook_stop_truncates_the_chain ... ok
test sdkhooks::tests::sdkhook_think_first_add_calls_op ... ok
test sdkhooks::tests::sdkhook_think_handled_supercede ... ok
test sdkhooks::tests::sdkhook_think_post_add_is_post_flag ... ok
test sdkhooks::tests::sdkhook_touch_destroy_drop ... ok
test sdkhooks::tests::sdkhook_touch_first_add_calls_op ... ok
test sdkhooks::tests::sdkhook_touch_handled_does_not_stop ... ok
test sdkhooks::tests::sdkhook_touch_op_zero_does_not_push ... ok
test sdkhooks::tests::sdkhook_touch_passes_other_ref ... ok
test sdkhooks::tests::sdkhook_touch_second_add_same_does_not ... ok
test sdkhooks::tests::sdkhook_touch_stop_truncates ... ok
test sdkhooks::tests::sdkhook_touch_unhook_last_calls_remove ... ok
test sdkhooks::tests::sdkhook_traceattack_without_backing_returns_false ... ok
test sdkhooks::tests::sdkhook_unknown_type_returns_false ... ok
test sdkhooks::tests::sdkhook_unload_clears ... ok
test sdkhooks::tests::sdkhook_use_first_add_calls_op ... ok
test sdkhooks::tests::sdkhook_use_passes_args ... ok
test sdkhooks::tests::sdkhook_weapondrop_dispatch_passes_weapon ... ok
test sdkhooks::tests::sdkhook_weapondrop_first_add_calls_op ... ok
test sdkhooks::tests::sdkhook_weapondrop_missing_op_returns_false ... ok
test sdkhooks::tests::sdkhook_works_after_settle ... ok
test sdkhooks::tests::sdkunhook_removes_one_callback ... ok
test sdkhooks_transmit::tests::sdkhook_settransmit_active_empty ... ok
test sdkhooks_transmit::tests::sdkhook_settransmit_continue_returns_0 ... ok
test sdkhooks_transmit::tests::sdkhook_settransmit_entity_enumeration_ignores_other_kinds ... ok
test sdkhooks_transmit::tests::sdkhook_settransmit_handled_returns_gte_2 ... ok
test sdkhooks_transmit::tests::sdkhook_settransmit_membership_tracks_first_and_last_subscription ... ok
test sdkhooks_transmit::tests::sdkhook_settransmit_owner_removal_reorders_by_earliest_remaining_subscription ... ok
test sdkhooks_transmit::tests::sdkhook_settransmit_prelude_records_without_vp ... ok
test sdkhooks_transmit::tests::sdkhook_settransmit_stop_truncates ... ok
test sqldb::tests::pg_placeholder_translation ... ok
test usermsg::tests::usermsg_dispatch_collapses_hook_results ... ok
test usermsg::tests::usermsg_on_pre_subscribes_and_dispatch_delivers_view ... ok
test usermsg::tests::usermsg_on_pre_throws_on_unresolvable_or_degraded ... ok
test usermsg::tests::usermsg_unload_unsubscribes_on_last_empty ... ok
test usermsg::tests::usermsg_view_reads_route_through_ops_and_null_on_miss ... ok
test v8host::frame_tests::a_connection_that_dies_at_once_still_reaches_on_close ... ok
test v8host::frame_tests::a_float_write_outside_f32_range_is_refused_not_silently_infinite ... ok
test v8host::frame_tests::a_non_representable_write_is_refused_and_named ... ok
test v8host::frame_tests::a_reentrant_hook_dispatch_from_engine_call_runs ... ok
test v8host::frame_tests::a_surfaced_receiver_is_a_real_entity_ref ... ok
test v8host::frame_tests::a_view_stashed_from_an_earlier_invocation_of_the_same_hook_cannot_touch_this_one ... ok
test v8host::frame_tests::a_view_stashed_from_one_dispatch_cannot_touch_another ... ok
test v8host::frame_tests::a_write_through_a_view_outside_any_dispatch_is_ignored_and_warns ... ok
test v8host::frame_tests::async_completion_removes_detour_when_pending_reaches_zero ... ok
test v8host::frame_tests::async_rejection_fails ... ok
test v8host::frame_tests::async_request_header_capacity_is_covered_by_input_reservation ... ok
test v8host::frame_tests::async_request_headers_tiny_policy_capacity_and_named_overload ... ignored, requires the isolated 40000-byte S2SCRIPT_ASYNC_LIMITS_JSON policy
test v8host::frame_tests::async_tiny_policy_admission_reinit_and_frame_progress ... ignored, requires the isolated tiny S2SCRIPT_ASYNC_LIMITS_JSON policy
test v8host::frame_tests::buffered_registration_does_not_arm_before_active ... ok
test v8host::frame_tests::chat_prepends_leading_zwsp_idempotently ... ok
test v8host::frame_tests::client_print_and_chat_degrade_without_ops ... ok
test v8host::frame_tests::colour_tags_expand_on_chat_and_vanish_on_console ... ok
test v8host::frame_tests::colour_tags_expand_through_chat_to_slot ... ok
test v8host::frame_tests::colour_tags_vanish_through_reply_to_console ... ok
test v8host::frame_tests::command_api_registers_during_factory_and_throws_after ... ok
test v8host::frame_tests::config_framework_templates_injected_and_used ... ok
test v8host::frame_tests::config_getters_read_and_coerce ... ok
test v8host::frame_tests::config_getters_walk_dotted_sections ... ok
test v8host::frame_tests::config_on_change_fires_handler ... ok
test v8host::frame_tests::config_re_materialize_no_subs_degrades_cleanly ... ok
test v8host::frame_tests::config_read_file_degrades_without_ops ... ok
test v8host::frame_tests::consumer_calls_producer_method_structured_copy ... ok
test v8host::frame_tests::consumer_unload_removes_subscriber ... ok
test v8host::frame_tests::continuation_may_reenter_timer_primitives_during_checkpoint ... ok
test v8host::frame_tests::ctx_replyt_localizes ... ok
test v8host::frame_tests::ctx_translations_load_registers_in_the_order_given ... ok
test v8host::frame_tests::cvar_change_dispose_stops_delivery ... ok
test v8host::frame_tests::cvar_change_fans_out_to_exact_name_and_wildcard ... ok
test v8host::frame_tests::cvar_change_rejects_a_non_function_handler ... ok
test v8host::frame_tests::cvar_set_degrades_false_without_op ... ok
test v8host::frame_tests::cvar_set_passes_name_and_value_to_op ... ok
test v8host::frame_tests::db_module_open_execute_query_round_trip ... ok
test v8host::frame_tests::db_module_register_driver_seam_overrides_by_name ... ok
test v8host::frame_tests::db_module_resolves_with_expected_shape ... ok
test v8host::frame_tests::db_open_routes_by_config ... ok
test v8host::frame_tests::deferred_dispatches_replay_in_push_order ... ok
test v8host::frame_tests::deferred_queue_is_bounded_and_names_what_it_drops ... ok
test v8host::frame_tests::delay_continuation_for_unloaded_plugin_is_dropped ... ok
test v8host::frame_tests::delay_resolves_only_after_its_deadline ... ok
test v8host::frame_tests::delay_with_no_onframe_subscriber_still_requests_detour_install ... ok
test v8host::frame_tests::drain_drops_continuation_when_owner_no_longer_live ... ok
test v8host::frame_tests::empty_snapshot_never_defers ... ok
test v8host::frame_tests::engine_call_natives_ignore_a_caller_supplied_plugin_id ... ok
test v8host::frame_tests::engine_call_still_invokes_for_the_owning_plugin ... ok
test v8host::frame_tests::engine_hook_factory_uses_the_calling_plugin ... ok
test v8host::frame_tests::entity_io_degrades_and_mux_subscribes ... ok
test v8host::frame_tests::entity_lifecycle_methods_degrade_to_false_without_op ... ok
test v8host::frame_tests::entity_origin_degrades_to_null_without_ops ... ok
test v8host::frame_tests::entity_spawn_kv_degrades_without_op ... ok
test v8host::frame_tests::entity_spawn_kv_marshal_capture_matches_expected_arrays ... ok
test v8host::frame_tests::entity_spawn_kv_marshal_rejects_bad_input ... ok
test v8host::frame_tests::entity_spawn_kv_marshal_rejects_oversized_strings ... ok
test v8host::frame_tests::events_fire_from_a_handler_nests ... ok
test v8host::frame_tests::events_fire_nests_pre_hooks ... ok
test v8host::frame_tests::events_fire_to_client_degrades_without_ops ... ok
test v8host::frame_tests::events_module_provides_game_event_constructor ... ok
test v8host::frame_tests::explicit_hook_disposal_releases_before_unload ... ok
test v8host::frame_tests::explicit_sqlite_close_releases_connection_before_unload ... ok
test v8host::frame_tests::fake_command_degrades_without_ops ... ok
test v8host::frame_tests::fake_command_from_inside_a_command_handler_runs ... ok
test v8host::frame_tests::fake_command_runs_the_target_plugin_command ... ok
test v8host::frame_tests::fan_out_isolates_a_throwing_handler_from_the_rest ... ok
test v8host::frame_tests::fetch_native_404_resolves_with_ok_false ... ok
test v8host::frame_tests::fetch_native_bad_host_rejects_the_promise ... ok
test v8host::frame_tests::fetch_native_resolves_on_a_later_drain_with_the_response_payload ... ok
test v8host::frame_tests::final_socket_callback_keeps_detour_for_its_promise_continuation ... ok
test v8host::frame_tests::find_by_class_degrades_to_empty_array_without_op ... ok
test v8host::frame_tests::forward_vector_known_angles ... ok
test v8host::frame_tests::game_ctx_namespace_cannot_clobber_a_builtin ... ok
test v8host::frame_tests::game_event_accessor_natives_degrade_without_ops ... ok
test v8host::frame_tests::game_package_declared_calls_are_ready_through_the_game_scoped_natives ... ok
test v8host::frame_tests::generic_job_unload_mid_flight_drops_and_late_complete_is_noop ... ok
test v8host::frame_tests::generic_typed_reads_degrade_without_ops ... ok
test v8host::frame_tests::handler_that_subscribes_during_dispatch_does_not_panic_and_runs_next_frame ... ok
test v8host::frame_tests::hook_dispatch_delivers_a_live_view_and_collapses ... ok
test v8host::frame_tests::hook_view_failures_are_named_and_the_view_is_block_scoped ... ok
test v8host::frame_tests::http_module_fetch_round_trip_with_text_and_json ... ok
test v8host::frame_tests::http_module_resolves_with_expected_shape ... ok
test v8host::frame_tests::iface_call_return_rehydrates_entityref ... ok
test v8host::frame_tests::iface_call_throws_types_mismatch_when_compiled_hash_differs ... ok
test v8host::frame_tests::iface_emit_payload_rehydrates_entityref ... ok
test v8host::frame_tests::iface_publish_records_methods_and_dep_kind ... ok
test v8host::frame_tests::interface_subscription_off_releases_its_active_ledger_entry ... ok
test v8host::frame_tests::item_natives_degrade_without_op ... ok
test v8host::frame_tests::legacy_shape_refused ... ok
test v8host::frame_tests::load_plugin_js_runs_module_body ... ok
test v8host::frame_tests::load_plugin_js_runs_onload_and_tags_subscription ... ok
test v8host::frame_tests::load_timeout_fails ... ok
test v8host::frame_tests::map_start_dispatch_delivers_map_name ... ok
test v8host::frame_tests::math_module_provides_vector_and_qangle ... ok
test v8host::frame_tests::menu_activation_defaults_and_coerces ... ok
test v8host::frame_tests::menu_chat_nonmatching_message_passes_through ... ok
test v8host::frame_tests::menu_chat_renders_and_number_selects ... ok
test v8host::frame_tests::menu_freeze_player_flag_default_false_and_settable ... ok
test v8host::frame_tests::menu_model_center_cursor_and_confirm ... ok
test v8host::frame_tests::menu_model_center_exit_cancels ... ok
test v8host::frame_tests::menu_model_center_paginate_and_exit ... ok
test v8host::frame_tests::menu_model_center_style_rendered_cursor_flag ... ok
test v8host::frame_tests::menu_model_disabled_item_not_selectable ... ok
test v8host::frame_tests::menu_model_newmenu_replaces_and_reentrant_display_wins ... ok
test v8host::frame_tests::menu_model_next_page_and_select ... ok
test v8host::frame_tests::menu_model_pagination_pick_cursor ... ok
test v8host::frame_tests::microtasks_do_not_run_until_frame_drain ... ok
test v8host::frame_tests::minting_natives_are_books_backed ... ok
test v8host::frame_tests::missing_and_double_job_completion_do_not_undercount ... ok
test v8host::frame_tests::missing_plugin_and_on_plugin_start_refused ... ok
test v8host::frame_tests::named_publics_frame_and_hook_on_throw_after_settle ... ok
test v8host::frame_tests::nested_defer_lands_in_the_next_drain_not_the_current_one ... ok
test v8host::frame_tests::net_connect_bad_port_rejects_the_promise ... ok
test v8host::frame_tests::net_same_batch_connect_data_error_close_keeps_subscription_checkpoint ... ok
test v8host::frame_tests::net_tcp_connect_send_data_round_trips_the_echo ... ok
test v8host::frame_tests::net_thousand_production_workers_plateau_every_lifecycle_store ... ok
test v8host::frame_tests::net_udp_empty_datagram_round_trips_as_zero_length_uint8array ... ok
test v8host::frame_tests::next_frame_resolves_one_frame_later ... ok
test v8host::frame_tests::no_handle_pre_hook_is_skipped_not_deferred ... ok
test v8host::frame_tests::no_handle_reentry_is_delivered_next_drain ... ok
test v8host::frame_tests::non_entityref_payload_round_trips_unchanged ... ok
test v8host::frame_tests::on_plugin_start_public_is_a_valid_artifact ... ok
test v8host::frame_tests::on_plugin_state_and_previous_roundtrip ... ok
test v8host::frame_tests::one_shot_timer_completion_releases_its_active_ledger_entry ... ok
test v8host::frame_tests::onframe_handler_out_of_range_result_warns_and_continues ... ok
test v8host::frame_tests::output_dispatch_matches_wildcards_and_collapses_hookresult ... ok
test v8host::frame_tests::oversized_completions_progress_with_a_full_poll_round_and_due_timer ... ignored, requires the isolated six-poll S2SCRIPT_ASYNC_LIMITS_JSON policy
test v8host::frame_tests::precache_dispatch_runs_subscriber ... ok
test v8host::frame_tests::prelude_publish_interface_takes_two_args ... ok
test v8host::frame_tests::process_singleton_registrations_are_unique_and_cover_both_phases ... ok
test v8host::frame_tests::producer_emit_forwards_to_live_consumer_only ... ok
test v8host::frame_tests::producer_reload_releases_surviving_optional_consumer_subscriptions ... ok
test v8host::frame_tests::producer_unload_invalidates_consumer_proxy ... ok
test v8host::frame_tests::publish_interface_of_a_name_owned_by_another_producer_is_refused ... ok
test v8host::frame_tests::publish_interface_of_an_undeclared_name_is_refused ... ok
test v8host::frame_tests::publish_interface_takes_its_version_from_the_manifest ... ok
test v8host::frame_tests::read_chain_native_and_via_methods_degrade_without_ops ... ok
test v8host::frame_tests::read_floats_chain_degrades_without_ops ... ok
test v8host::frame_tests::read_floats_native_and_method_degrade_without_ops ... ok
test v8host::frame_tests::read_string_and_64bit_natives_degrade_without_ops ... ok
test v8host::frame_tests::real_job_completion_releases_its_active_ledger_entry ... ok
test v8host::frame_tests::reconcile_publishes_fails_a_plugin_that_declares_nothing_but_publishes_anyway ... ok
test v8host::frame_tests::reconcile_publishes_ok_for_a_plugin_that_declares_nothing ... ok
test v8host::frame_tests::reconcile_publishes_ok_when_every_declared_interface_was_published ... ok
test v8host::frame_tests::reconcile_publishes_rejects_a_name_published_by_a_DIFFERENT_producer ... ok
test v8host::frame_tests::reconcile_publishes_reports_a_declared_interface_the_plugin_never_published ... ok
test v8host::frame_tests::register_cvar_degrades_false_without_op ... ok
test v8host::frame_tests::registered_package_prelude_reaches_std_entityref_via_native_require ... ok
test v8host::frame_tests::reload_factory_throw_consumes_handoff_no_crash ... ok
test v8host::frame_tests::reload_hands_off_state_to_ctx_previous ... ok
test v8host::frame_tests::reload_revives_entityref_in_state ... ok
test v8host::frame_tests::reload_tears_down_old_and_runs_new_handler ... ok
test v8host::frame_tests::repair_sweep_runs_once_on_first_simulating_frame ... ok
test v8host::frame_tests::replacing_manifest_imports_releases_old_import_entries ... ok
test v8host::frame_tests::republishing_an_interface_keeps_one_active_ledger_entry ... ok
test v8host::frame_tests::require_resolves_module_packages_and_retires_std ... ok
test v8host::frame_tests::s2require_dual_resolves_sdk_and_legacy_prefixes ... ok
test v8host::frame_tests::same_hook_reentry_is_skipped_and_named ... ok
test v8host::frame_tests::schema_dump_degrades_without_ops ... ok
test v8host::frame_tests::schema_dump_writes_catalog_via_stub_enumerate ... ok
test v8host::frame_tests::scope_clear_removes_only_scope_subs ... ok
test v8host::frame_tests::sdk_barrel_command_registers_during_on_plugin_start ... ok
test v8host::frame_tests::sealed_ctx_throws ... ok
test v8host::frame_tests::shutdown_clears_the_publishes_registries ... ok
test v8host::frame_tests::shutdown_resets_process_singletons_on_both_sides_of_the_isolate_drop ... ok
test v8host::frame_tests::shutdown_sweeps_every_registered_owner_store ... ok
test v8host::frame_tests::sm_publics_client_map_say_and_all_plugins_loaded ... ok
test v8host::frame_tests::sm_publics_hook_event_and_create_scope ... ok
test v8host::frame_tests::sound_emit_marshals_args_to_op ... ok
test v8host::frame_tests::sound_module_emit_defaults ... ok
test v8host::frame_tests::sound_module_emit_explicit_opts ... ok
test v8host::frame_tests::sound_module_onprecache_builds_ctx ... ok
test v8host::frame_tests::sound_natives_degrade_without_ops ... ok
test v8host::frame_tests::sound_stop_forwards_identically_to_entityref_stop_sound ... ok
test v8host::frame_tests::sqlite_bad_sql_rejects_promise ... ok
test v8host::frame_tests::sqlite_materialization_retains_bytes_through_reentrant_then_lookup ... ok
test v8host::frame_tests::sqlite_open_degrades_without_data_dir_op ... ok
test v8host::frame_tests::sqlite_open_execute_query_round_trip ... ok
test v8host::frame_tests::sqlite_query_unload_mid_flight_drops_before_drain ... ok
test v8host::frame_tests::stale_job_completion_does_not_undercount_pending ... ok
test v8host::frame_tests::state_and_previous_roundtrip ... ok
test v8host::frame_tests::stop_at_high_skips_low_handler ... ok
test v8host::frame_tests::sync_factory_reaches_active_in_one_call ... ok
test v8host::frame_tests::the_bypass_latch_is_armed_and_disarmed_around_a_degrading_invoke ... ok
test v8host::frame_tests::thread_sleep_runs_off_thread_and_resolves_on_a_drain ... ok
test v8host::frame_tests::throwing_cvar_handler_does_not_stop_the_others ... ok
test v8host::frame_tests::throwing_factory_fails_loud_no_zombie ... ok
test v8host::frame_tests::throwing_handler_is_isolated ... ok
test v8host::frame_tests::throwing_timer_callback_is_contained ... ok
test v8host::frame_tests::timer_after_fires_once_then_is_dead ... ok
test v8host::frame_tests::timer_callback_can_kill_itself ... ok
test v8host::frame_tests::timer_every_rearms_across_drains ... ok
test v8host::frame_tests::timer_kill_stops_a_repeater_and_is_idempotent ... ok
test v8host::frame_tests::topmenu_add_snapshot_and_owner_scoped ... ok
test v8host::frame_tests::topmenu_add_tab_sets_title_and_keeps_order ... ok
test v8host::frame_tests::topmenu_select_dispatches_to_owner_post_drain ... ok
test v8host::frame_tests::topmenu_snapshot_preserves_registration_order ... ok
test v8host::frame_tests::topmenu_snapshot_sheets_defaults_and_validates ... ok
test v8host::frame_tests::topmenu_unload_drops_owner_items ... ok
test v8host::frame_tests::trace_mask_shot_physics_matches_reference_value ... ok
test v8host::frame_tests::trace_module_line_ray_hull_degrade_cleanly ... ok
test v8host::frame_tests::trace_native_degrades_to_miss_without_op ... ok
test v8host::frame_tests::translate_prefers_any_language_hit_over_any_english_default ... ok
test v8host::frame_tests::translate_strips_braces_from_substituted_args ... ok
test v8host::frame_tests::translations_fallback_chain ... ok
test v8host::frame_tests::translations_format_and_langcode ... ok
test v8host::frame_tests::translations_load_warns_only_when_seedless_and_file_missing ... ok
test v8host::frame_tests::translations_natives_degrade_without_ops ... ok
test v8host::frame_tests::transmit_reset_recomputes_then_clears ... ok
test v8host::frame_tests::transmit_reset_serial_mismatch_is_false ... ok
test v8host::frame_tests::transmit_rules_and_merge_across_plugins ... ok
test v8host::frame_tests::transmit_set_empty_array_masks_zero ... ok
test v8host::frame_tests::transmit_set_folds_viewer_slots_into_mask ... ok
test v8host::frame_tests::transmit_set_missing_op_degrades_false ... ok
test v8host::frame_tests::transmit_set_op_reject_not_recorded ... ok
test v8host::frame_tests::transmit_set_out_of_range_slot_throws ... ok
test v8host::frame_tests::transmit_stale_serial_evicted_on_new_set ... ok
test v8host::frame_tests::transmit_stats_missing_op_is_null ... ok
test v8host::frame_tests::transmit_stats_surfaces_counters ... ok
test v8host::frame_tests::transmit_unload_clears_owner_rules ... ok
test v8host::frame_tests::two_contexts_have_distinct_plugin_identity ... ok
test v8host::frame_tests::two_js_handlers_compose_on_onframe ... ok
test v8host::frame_tests::undeclared_publish_record_is_cleared_on_unload ... ok
test v8host::frame_tests::unload_all_runs_consumers_before_producers ... ok
test v8host::frame_tests::unload_captures_state_return_as_handoff_blob ... ok
test v8host::frame_tests::unload_drops_cvar_subscriptions ... ok
test v8host::frame_tests::unload_kills_a_repeating_timer ... ok
test v8host::frame_tests::unload_removes_the_plugins_hook_and_disposes_context ... ok
test v8host::frame_tests::unload_while_loading_seals_and_walks_partial_ledger ... ok
test v8host::frame_tests::unsafe_module_exposes_engine_call_status_and_degrades_to_null ... ok
test v8host::frame_tests::user_message_degrades_without_op ... ok
test v8host::frame_tests::usercmd_accessors_degrade_without_ops ... ok
test v8host::frame_tests::usercmd_dispatch_no_subs_returns_continue ... ok
test v8host::frame_tests::usercmd_dispatch_runs_subscriber_and_collapses_hookresult ... ok
test v8host::frame_tests::usercmd_module_cmd_singleton_and_userrun_wiring ... ok
test v8host::frame_tests::voice_client_event_dispatches_to_on_voice ... ok
test v8host::frame_tests::voice_disconnect_clears_the_slot_across_owners ... ok
test v8host::frame_tests::voice_empty_array_reaches_the_shim_as_set_zero ... ok
test v8host::frame_tests::voice_empty_receiver_list_is_a_rule_not_an_absence ... ok
test v8host::frame_tests::voice_muted_degrades_without_ops ... ok
test v8host::frame_tests::voice_muted_property_round_trips_through_ops ... ok
test v8host::frame_tests::voice_owner_teardown_recomputes ... ok
test v8host::frame_tests::voice_rejected_push_does_not_persist_the_rule ... ok
test v8host::frame_tests::voice_rules_and_merge_across_owners ... ok
test v8host::frame_tests::voice_set_audible_to_folds_receiver_slots_into_mask ... ok
test v8host::frame_tests::voice_set_audible_to_rejects_a_non_array ... ok
test v8host::frame_tests::voice_stats_is_null_without_the_op ... ok
test v8host::frame_tests::voice_two_owners_and_merge_through_the_native ... ok
test v8host::frame_tests::voice_unload_clears_owner_rules ... ok
test v8host::frame_tests::votes_cast_revote_tally_and_winner ... ok
test v8host::frame_tests::votes_chat_is_one_line ... ok
test v8host::frame_tests::votes_disconnect_drops_that_slots_vote ... ok
test v8host::frame_tests::votes_ends_early_once_everyone_voted_even_with_time_left ... ok
test v8host::frame_tests::votes_live_tally_renderer_show_and_clear ... ok
test v8host::frame_tests::votes_registered_renderer_paints_without_show_live_tally ... ok
test v8host::frame_tests::votes_tally_choice_is_per_slot ... ok
test v8host::frame_tests::votes_tie_and_zero_are_null_winner_and_lock ... ok
test v8host::frame_tests::ws_connect_bad_host_rejects_the_promise ... ok
test v8host::frame_tests::ws_connect_reserved_header_rejects_the_promise ... ok
test v8host::frame_tests::ws_connect_send_on_message_round_trips_the_echo ... ok
test v8host::frame_tests::ws_connect_sends_caller_supplied_headers_on_the_handshake ... ok
test v8host::frame_tests::ws_connect_unload_mid_flight_drops_and_late_complete_is_noop ... ok
test v8host::frame_tests::ws_module_connect_send_on_message_round_trip ... ok
test v8host::frame_tests::ws_module_resolves_with_expected_shape ... ok
test v8host::frame_tests::ws_module_self_close_fires_on_close ... ok
test v8host::frame_tests::ws_on_wrong_owner_does_not_subscribe ... ok
test v8host::frame_tests::ws_same_batch_connect_message_error_close_keeps_subscription_checkpoint ... ok
test v8host::frame_tests::ws_thousand_production_workers_plateau_every_lifecycle_store ... ok
test v8host::frame_tests::zero_interval_repeat_is_refused_but_zero_oneshot_is_fine ... ok
test ws::tests::a_silent_peer_times_out_instead_of_hanging_forever ... ok
test ws::tests::a_thousand_adapter_transitions_leave_no_socket_state ... ok
test ws::tests::build_request_applies_caller_headers ... ok
test ws::tests::build_request_keeps_the_handshake_headers_it_derives ... ok
test ws::tests::build_request_refuses_invalid_header_names ... ok
test ws::tests::build_request_refuses_reserved_headers ... ok
test ws::tests::build_request_refuses_values_with_control_characters ... ok
test ws::tests::connect_bad_port_fails ... ok
test ws::tests::connect_send_echo_close ... ok
test ws::tests::continuous_ws_messages_do_not_starve_a_queued_send_or_shutdown ... ok
test ws::tests::injected_ws_write_failure_returns_one_error_terminal ... ok
test ws::tests::lifetime_limit_and_reserved_terminals_survive_every_data_slot_filling ... ok
test ws::tests::owner_shutdown_cancels_a_pending_handshake_without_terminal_signal ... ok
test ws::tests::owner_shutdown_interrupts_an_injected_pending_ws_write ... ok
test ws::tests::ownership_is_decided_by_the_string_connect_registered_including_the_empty_one ... ok
test ws::tests::pending_ws_write_obeys_one_grace_deadline ... ok
test ws::tests::poll_signals_failed_connect_is_a_drop_without_an_event ... ok
test ws::tests::poll_signals_returns_connects_and_queues_events ... ok
test ws::tests::reserved_header_surfaces_as_connect_failed ... ok
test ws::tests::send_wrong_owner_denied ... ok
test ws::tests::simultaneous_peer_and_local_ws_close_produces_one_terminal ... ok
test ws::tests::tiny_outbound_capacity_stays_charged_through_write_and_close_drains_fifo ... ok

test result: ok. 797 passed; 0 failed; 3 ignored; 0 measured; 0 filtered out; finished in 11.40s

warning: unused import: `super::*`
   --> core/src/admin.rs:196:9
    |
196 |     use super::*;
    |         ^^^^^^^^
    |
    = note: `#[warn(unused_imports)]` (part of `#[warn(unused)]`) on by default

warning: unused imports: `LOG` and `logger`
   --> core/src/cookies.rs:742:87
    |
742 |     use crate::v8host::frame_tests::{dummy_logger, eval_in_context_string, load_body, logger,
    |                                                                                       ^^^^^^
743 |         read_global_string, read_i32_global_in, LOG};
    |                                                 ^^^

warning: unused imports: `create_plugin_context` and `eval_in_context`
   --> core/src/cookies.rs:744:25
    |
744 |     use crate::v8host::{create_plugin_context, eval_in_context, init, shutdown, unload_plugin};
    |                         ^^^^^^^^^^^^^^^^^^^^^  ^^^^^^^^^^^^^^^

warning: unused import: `eval_in_context`
   --> core/src/client.rs:400:48
    |
400 |     use crate::v8host::{create_plugin_context, eval_in_context, init, set_engine_ops, shutdown,
    |                                                ^^^^^^^^^^^^^^^

warning: unused doc comment
   --> core/src/gamedata_hooks.rs:700:1
    |
700 | /// Hooks that have already reported a re-entrant skip. See `note_reentrant_skip`.
    | ^^^^^^^^^^^^^^^^^^^^^^^^^^^^^^^^^^^^^^^^^^^^^^^^^^^^^^^^^^^^^^^^^^^^^^^^^^^^^^^^^^ rustdoc does not generate documentation for macro invocations
    |
    = help: to document an item produced by a macro, the macro must produce the documentation as part of its expansion
    = note: `#[warn(unused_doc_comments)]` (part of `#[warn(unused)]`) on by default

warning: value assigned to `x` is never read
   --> core/src/entity.rs:290:9
    |
290 |         x.b = 0x7F;
    |         ^^^^^^^^^^
    |
    = help: maybe it is overwritten before being read?
    = note: `#[warn(unused_assignments)]` (part of `#[warn(unused)]`) on by default

warning: unused variable: `enums_path`
    --> core/src/v8host.rs:3004:13
     |
3004 |         let enums_path = if args.length() >= 2 && !args.get(1).is_null_or_undefined() {
     |             ^^^^^^^^^^ help: if this is intentional, prefix it with an underscore: `_enums_path`
     |
     = note: `#[warn(unused_variables)]` (part of `#[warn(unused)]`) on by default

warning: function `read_string_global` is never used
  --> core/src/v8host/tests.rs:81:8
   |
81 |     fn read_string_global(name: &str) -> String {
   |        ^^^^^^^^^^^^^^^^^^
   |
   = note: `#[warn(dead_code)]` (part of `#[warn(unused)]`) on by default

warning: function `reconcile_publishes_rejects_a_name_published_by_a_DIFFERENT_producer` should have a snake case name
    --> core/src/v8host/tests.rs:2344:8
     |
2344 |     fn reconcile_publishes_rejects_a_name_published_by_a_DIFFERENT_producer() {
     |        ^^^^^^^^^^^^^^^^^^^^^^^^^^^^^^^^^^^^^^^^^^^^^^^^^^^^^^^^^^^^^^^^^^^^ help: convert the identifier to snake case: `reconcile_publishes_rejects_a_name_published_by_a_different_producer`
     |
     = note: `#[warn(non_snake_case)]` (part of `#[warn(nonstandard_style)]`) on by default

warning: `s2script-core` (lib test) generated 9 warnings (run `cargo fix --lib -p s2script-core --tests` to apply 5 suggestions)
    Finished `test` profile [unoptimized + debuginfo] target(s) in 0.32s
     Running unittests src/lib.rs (target/debug/deps/s2script_core-a1ad6d47f24c839f)

running 1 test
test v8host::frame_tests::async_tiny_policy_admission_reinit_and_frame_progress ... ok

test result: ok. 1 passed; 0 failed; 0 ignored; 0 measured; 799 filtered out; finished in 0.23s

warning: unused import: `super::*`
   --> core/src/admin.rs:196:9
    |
196 |     use super::*;
    |         ^^^^^^^^
    |
    = note: `#[warn(unused_imports)]` (part of `#[warn(unused)]`) on by default

warning: unused imports: `LOG` and `logger`
   --> core/src/cookies.rs:742:87
    |
742 |     use crate::v8host::frame_tests::{dummy_logger, eval_in_context_string, load_body, logger,
    |                                                                                       ^^^^^^
743 |         read_global_string, read_i32_global_in, LOG};
    |                                                 ^^^

warning: unused imports: `create_plugin_context` and `eval_in_context`
   --> core/src/cookies.rs:744:25
    |
744 |     use crate::v8host::{create_plugin_context, eval_in_context, init, shutdown, unload_plugin};
    |                         ^^^^^^^^^^^^^^^^^^^^^  ^^^^^^^^^^^^^^^

warning: unused import: `eval_in_context`
   --> core/src/client.rs:400:48
    |
400 |     use crate::v8host::{create_plugin_context, eval_in_context, init, set_engine_ops, shutdown,
    |                                                ^^^^^^^^^^^^^^^

warning: unused doc comment
   --> core/src/gamedata_hooks.rs:700:1
    |
700 | /// Hooks that have already reported a re-entrant skip. See `note_reentrant_skip`.
    | ^^^^^^^^^^^^^^^^^^^^^^^^^^^^^^^^^^^^^^^^^^^^^^^^^^^^^^^^^^^^^^^^^^^^^^^^^^^^^^^^^^ rustdoc does not generate documentation for macro invocations
    |
    = help: to document an item produced by a macro, the macro must produce the documentation as part of its expansion
    = note: `#[warn(unused_doc_comments)]` (part of `#[warn(unused)]`) on by default

warning: value assigned to `x` is never read
   --> core/src/entity.rs:290:9
    |
290 |         x.b = 0x7F;
    |         ^^^^^^^^^^
    |
    = help: maybe it is overwritten before being read?
    = note: `#[warn(unused_assignments)]` (part of `#[warn(unused)]`) on by default

warning: unused variable: `enums_path`
    --> core/src/v8host.rs:3004:13
     |
3004 |         let enums_path = if args.length() >= 2 && !args.get(1).is_null_or_undefined() {
     |             ^^^^^^^^^^ help: if this is intentional, prefix it with an underscore: `_enums_path`
     |
     = note: `#[warn(unused_variables)]` (part of `#[warn(unused)]`) on by default

warning: function `read_string_global` is never used
  --> core/src/v8host/tests.rs:81:8
   |
81 |     fn read_string_global(name: &str) -> String {
   |        ^^^^^^^^^^^^^^^^^^
   |
   = note: `#[warn(dead_code)]` (part of `#[warn(unused)]`) on by default

warning: function `reconcile_publishes_rejects_a_name_published_by_a_DIFFERENT_producer` should have a snake case name
    --> core/src/v8host/tests.rs:2344:8
     |
2344 |     fn reconcile_publishes_rejects_a_name_published_by_a_DIFFERENT_producer() {
     |        ^^^^^^^^^^^^^^^^^^^^^^^^^^^^^^^^^^^^^^^^^^^^^^^^^^^^^^^^^^^^^^^^^^^^ help: convert the identifier to snake case: `reconcile_publishes_rejects_a_name_published_by_a_different_producer`
     |
     = note: `#[warn(non_snake_case)]` (part of `#[warn(nonstandard_style)]`) on by default

warning: `s2script-core` (lib test) generated 9 warnings (run `cargo fix --lib -p s2script-core --tests` to apply 5 suggestions)
    Finished `test` profile [unoptimized + debuginfo] target(s) in 0.25s
     Running unittests src/lib.rs (target/debug/deps/s2script_core-a1ad6d47f24c839f)

running 1 test
test v8host::frame_tests::oversized_completions_progress_with_a_full_poll_round_and_due_timer ... ok

test result: ok. 1 passed; 0 failed; 0 ignored; 0 measured; 799 filtered out; finished in 0.33s

warning: unused import: `super::*`
   --> core/src/admin.rs:196:9
    |
196 |     use super::*;
    |         ^^^^^^^^
    |
    = note: `#[warn(unused_imports)]` (part of `#[warn(unused)]`) on by default

warning: unused imports: `LOG` and `logger`
   --> core/src/cookies.rs:742:87
    |
742 |     use crate::v8host::frame_tests::{dummy_logger, eval_in_context_string, load_body, logger,
    |                                                                                       ^^^^^^
743 |         read_global_string, read_i32_global_in, LOG};
    |                                                 ^^^

warning: unused imports: `create_plugin_context` and `eval_in_context`
   --> core/src/cookies.rs:744:25
    |
744 |     use crate::v8host::{create_plugin_context, eval_in_context, init, shutdown, unload_plugin};
    |                         ^^^^^^^^^^^^^^^^^^^^^  ^^^^^^^^^^^^^^^

warning: unused import: `eval_in_context`
   --> core/src/client.rs:400:48
    |
400 |     use crate::v8host::{create_plugin_context, eval_in_context, init, set_engine_ops, shutdown,
    |                                                ^^^^^^^^^^^^^^^

warning: unused doc comment
   --> core/src/gamedata_hooks.rs:700:1
    |
700 | /// Hooks that have already reported a re-entrant skip. See `note_reentrant_skip`.
    | ^^^^^^^^^^^^^^^^^^^^^^^^^^^^^^^^^^^^^^^^^^^^^^^^^^^^^^^^^^^^^^^^^^^^^^^^^^^^^^^^^^ rustdoc does not generate documentation for macro invocations
    |
    = help: to document an item produced by a macro, the macro must produce the documentation as part of its expansion
    = note: `#[warn(unused_doc_comments)]` (part of `#[warn(unused)]`) on by default

warning: value assigned to `x` is never read
   --> core/src/entity.rs:290:9
    |
290 |         x.b = 0x7F;
    |         ^^^^^^^^^^
    |
    = help: maybe it is overwritten before being read?
    = note: `#[warn(unused_assignments)]` (part of `#[warn(unused)]`) on by default

warning: unused variable: `enums_path`
    --> core/src/v8host.rs:3004:13
     |
3004 |         let enums_path = if args.length() >= 2 && !args.get(1).is_null_or_undefined() {
     |             ^^^^^^^^^^ help: if this is intentional, prefix it with an underscore: `_enums_path`
     |
     = note: `#[warn(unused_variables)]` (part of `#[warn(unused)]`) on by default

warning: function `read_string_global` is never used
  --> core/src/v8host/tests.rs:81:8
   |
81 |     fn read_string_global(name: &str) -> String {
   |        ^^^^^^^^^^^^^^^^^^
   |
   = note: `#[warn(dead_code)]` (part of `#[warn(unused)]`) on by default

warning: function `reconcile_publishes_rejects_a_name_published_by_a_DIFFERENT_producer` should have a snake case name
    --> core/src/v8host/tests.rs:2344:8
     |
2344 |     fn reconcile_publishes_rejects_a_name_published_by_a_DIFFERENT_producer() {
     |        ^^^^^^^^^^^^^^^^^^^^^^^^^^^^^^^^^^^^^^^^^^^^^^^^^^^^^^^^^^^^^^^^^^^^ help: convert the identifier to snake case: `reconcile_publishes_rejects_a_name_published_by_a_different_producer`
     |
     = note: `#[warn(non_snake_case)]` (part of `#[warn(nonstandard_style)]`) on by default

warning: `s2script-core` (lib test) generated 9 warnings (run `cargo fix --lib -p s2script-core --tests` to apply 5 suggestions)
    Finished `test` profile [unoptimized + debuginfo] target(s) in 0.25s
     Running unittests src/lib.rs (target/debug/deps/s2script_core-a1ad6d47f24c839f)

running 1 test
test v8host::frame_tests::async_request_headers_tiny_policy_capacity_and_named_overload ... ok

test result: ok. 1 passed; 0 failed; 0 ignored; 0 measured; 799 filtered out; finished in 0.30s

== check-gamedata-sigs.sh (no build-specific operands in a signature) ==
check-gamedata-sigs: ok (45 signatures, no build-specific operands)
== check-invoke-abi.sh (declared-call float ABI) ==
check-invoke-abi: ok (ok: lifetime=10 flags=4)
== shim build ==
-- The C compiler identification is GNU 10.2.1
-- The CXX compiler identification is GNU 10.2.1
-- Detecting C compiler ABI info
-- Detecting C compiler ABI info - done
-- Check for working C compiler: /usr/bin/cc - skipped
-- Detecting C compile features
-- Detecting C compile features - done
-- Detecting CXX compiler ABI info
-- Detecting CXX compiler ABI info - done
-- Check for working CXX compiler: /usr/bin/c++ - skipped
-- Detecting CXX compile features
-- Detecting CXX compile features - done
-- The ASM compiler identification is GNU
-- Found assembler: /usr/bin/cc
-- Performing Test CMAKE_HAVE_LIBC_PTHREAD
-- Performing Test CMAKE_HAVE_LIBC_PTHREAD - Failed
-- Looking for pthread_create in pthreads
-- Looking for pthread_create in pthreads - not found
-- Looking for pthread_create in pthread
-- Looking for pthread_create in pthread - found
-- Found Threads: TRUE  
-- Configuring done (2.3s)
-- Generating done (0.1s)
-- Build files have been written to: /repo/build/shim
[  6%] Building CXX object CMakeFiles/gamedata_selftest.dir/src/gamedata.cpp.o
[  6%] Building CXX object CMakeFiles/call_validate_selftest.dir/src/call_validate.cpp.o
[  6%] Building CXX object CMakeFiles/gamedata_selftest.dir/tests/gamedata_test.cpp.o
[  6%] Building CXX object CMakeFiles/hook_dispatch_selftest.dir/tests/hook_dispatch_test.cpp.o
[  6%] Building CXX object CMakeFiles/hook_dispatch_selftest.dir/src/hook_dispatch.cpp.o
[  8%] Building CXX object CMakeFiles/detour_reloc_selftest.dir/src/detour.cpp.o
[  9%] Building CXX object CMakeFiles/call_validate_selftest.dir/src/sigscan.cpp.o
[ 12%] Building CXX object CMakeFiles/call_validate_selftest.dir/tests/call_validate_test.cpp.o
[ 12%] Building C object CMakeFiles/detour_reloc_selftest.dir/repo/third_party/hde/hde64.c.o
[ 16%] Building CXX object CMakeFiles/ccommand_selftest.dir/src/ccommand_tokenize.cpp.o
[ 16%] Building CXX object CMakeFiles/ccommand_selftest.dir/src/ccommand_selftest.cpp.o
[ 16%] Building C object CMakeFiles/call_validate_selftest.dir/repo/third_party/hde/hde64.c.o
[ 20%] Building CXX object CMakeFiles/detour_reloc_selftest.dir/src/detour_reloc.cpp.o
[ 20%] Building CXX object CMakeFiles/defer_queue_selftest.dir/tests/defer_queue_test.cpp.o
[ 20%] Building CXX object CMakeFiles/detour_reloc_selftest.dir/tests/detour_reloc_test.cpp.o
[ 22%] Building CXX object CMakeFiles/defer_queue_selftest.dir/src/defer_queue.cpp.o
[ 24%] Building CXX object CMakeFiles/breakpad_client.dir/repo/third_party/breakpad/src/client/linux/minidump_writer/linux_dumper.cc.o
[ 22%] Building CXX object CMakeFiles/breakpad_client.dir/repo/third_party/breakpad/src/client/linux/dump_writer_common/ucontext_reader.cc.o
[ 29%] Building CXX object CMakeFiles/breakpad_client.dir/repo/third_party/breakpad/src/client/linux/handler/exception_handler.cc.o
[ 29%] Building CXX object CMakeFiles/breakpad_client.dir/repo/third_party/breakpad/src/client/linux/microdump_writer/microdump_writer.cc.o
[ 29%] Building CXX object CMakeFiles/breakpad_client.dir/repo/third_party/breakpad/src/client/minidump_file_writer.cc.o
[ 29%] Building CXX object CMakeFiles/breakpad_client.dir/repo/third_party/breakpad/src/common/md5.cc.o
[ 36%] Building CXX object CMakeFiles/breakpad_client.dir/repo/third_party/breakpad/src/client/linux/crash_generation/crash_generation_client.cc.o
[ 36%] Building CXX object CMakeFiles/breakpad_client.dir/repo/third_party/breakpad/src/client/linux/log/log.cc.o
[ 36%] Building CXX object CMakeFiles/breakpad_client.dir/repo/third_party/breakpad/src/common/linux/elf_core_dump.cc.o
[ 36%] Building CXX object CMakeFiles/breakpad_client.dir/repo/third_party/breakpad/src/common/convert_UTF.cc.o
[ 40%] Building CXX object CMakeFiles/breakpad_client.dir/repo/third_party/breakpad/src/client/linux/minidump_writer/minidump_writer.cc.o
[ 41%] Building CXX object CMakeFiles/breakpad_client.dir/repo/third_party/breakpad/src/client/linux/dump_writer_common/thread_info.cc.o
[ 43%] Building CXX object CMakeFiles/breakpad_client.dir/repo/third_party/breakpad/src/client/linux/minidump_writer/linux_ptrace_dumper.cc.o
[ 41%] Building CXX object CMakeFiles/breakpad_client.dir/repo/third_party/breakpad/src/client/linux/handler/minidump_descriptor.cc.o
[ 41%] Building CXX object CMakeFiles/breakpad_client.dir/repo/third_party/breakpad/src/common/string_conversion.cc.o
[ 44%] Building ASM object CMakeFiles/breakpad_client.dir/repo/third_party/breakpad/src/common/linux/breakpad_getcontext.S.o
[ 44%] Building CXX object CMakeFiles/breakpad_client.dir/repo/third_party/breakpad/src/client/linux/minidump_writer/pe_file.cc.o
[ 45%] Building CXX object CMakeFiles/breakpad_client.dir/repo/third_party/breakpad/src/common/linux/safe_readlink.cc.o
[ 48%] Building CXX object CMakeFiles/breakpad_client.dir/repo/third_party/breakpad/src/common/linux/elfutils.cc.o
[ 48%] Building CXX object CMakeFiles/breakpad_client.dir/repo/third_party/breakpad/src/common/linux/file_id.cc.o
[ 50%] Building CXX object CMakeFiles/breakpad_client.dir/repo/third_party/breakpad/src/common/linux/guid_creator.cc.o
[ 52%] Building CXX object CMakeFiles/breakpad_client.dir/repo/third_party/breakpad/src/common/linux/linux_libc_support.cc.o
[ 52%] Building CXX object CMakeFiles/breakpad_client.dir/repo/third_party/breakpad/src/common/linux/memory_mapped_file.cc.o
[ 54%] Linking CXX executable hook_dispatch_selftest
[ 55%] Linking CXX executable ccommand_selftest
[ 55%] Built target hook_dispatch_selftest
[ 55%] Built target ccommand_selftest
[ 56%] Linking CXX executable detour_reloc_selftest
[ 56%] Built target detour_reloc_selftest
[ 58%] Linking CXX executable defer_queue_selftest
[ 58%] Built target defer_queue_selftest
[ 59%] Linking CXX static library libbreakpad_client.a
[ 59%] Built target breakpad_client
[ 67%] Building CXX object CMakeFiles/s2script.dir/src/s2script_mm.cpp.o
[ 67%] Building CXX object CMakeFiles/s2script.dir/src/trace.cpp.o
[ 67%] Building CXX object CMakeFiles/s2script.dir/src/config_ops.cpp.o
[ 66%] Building CXX object CMakeFiles/s2script.dir/src/sigscan.cpp.o
[ 67%] Building CXX object CMakeFiles/crash_selftest.dir/src/crash_selftest.cpp.o
[ 68%] Building CXX object CMakeFiles/s2script.dir/src/gamedata.cpp.o
[ 74%] Building CXX object CMakeFiles/s2script.dir/src/detour.cpp.o
[ 70%] Building CXX object CMakeFiles/s2script.dir/src/tier1_shims.cpp.o
[ 74%] Building CXX object CMakeFiles/s2script.dir/src/engine_calls.cpp.o
[ 77%] Building CXX object CMakeFiles/s2script.dir/src/detour_reloc.cpp.o
[ 77%] Building CXX object CMakeFiles/crash_selftest.dir/src/crash_handler.cpp.o
[ 78%] Building CXX object CMakeFiles/s2script.dir/src/vtable.cpp.o
[ 82%] Building CXX object CMakeFiles/s2script.dir/src/ccommand_shim.cpp.o
[ 78%] Building CXX object CMakeFiles/s2script.dir/src/call_validate.cpp.o
[ 82%] Building CXX object CMakeFiles/s2script.dir/src/entity_listener.cpp.o
[ 87%] Building C object CMakeFiles/s2script.dir/repo/third_party/hde/hde64.c.o
[ 87%] Building CXX object CMakeFiles/s2script.dir/src/ccommand_tokenize.cpp.o
[ 87%] Building CXX object CMakeFiles/s2script.dir/src/crash_handler.cpp.o
[ 87%] Building CXX object CMakeFiles/s2script.dir/src/ekv.cpp.o
[ 87%] Building CXX object CMakeFiles/s2script.dir/src/defer_queue.cpp.o
[ 89%] Building CXX object CMakeFiles/s2script.dir/src/sdkhooks_vp.cpp.o
[ 91%] Building CXX object CMakeFiles/s2script.dir/repo/third_party/hl2sdk/public/tier0/memoverride.cpp.o
[ 91%] Building CXX object CMakeFiles/s2script.dir/repo/third_party/hl2sdk/tier1/keyvalues3.cpp.o
[ 93%] Building CXX object CMakeFiles/s2script.dir/repo/third_party/hl2sdk/entity2/entitykeyvalues.cpp.o
[ 93%] Building CXX object CMakeFiles/s2script.dir/src/engine_hooks.cpp.o
[ 94%] Building CXX object CMakeFiles/s2script.dir/src/hook_dispatch.cpp.o
[ 95%] Linking CXX executable crash_selftest
[ 95%] Built target crash_selftest
In file included from /repo/shim/../third_party/hl2sdk/public/tier1/keyvalues3.h:14,
                 from /repo/third_party/hl2sdk/tier1/keyvalues3.cpp:1:
/repo/shim/../third_party/hl2sdk/public/tier1/utlbuffer.h: In member function 'void* CUtlBuffer::GetPtr()':
/repo/shim/../third_party/hl2sdk/public/tier1/utlbuffer.h:968:6: warning: cast to pointer from integer of different size [-Wint-to-pointer-cast]
  968 |  p = ( void* )GetUnsignedInt();
      |      ^~~~~~~~~~~~~~~~~~~~~~~~~
[ 97%] Linking CXX executable call_validate_selftest
In file included from /repo/shim/../third_party/hl2sdk/public/tier1/keyvalues3.h:14,
                 from /repo/shim/../third_party/hl2sdk/public/entity2/entitykeyvalues.h:8,
                 from /repo/third_party/hl2sdk/entity2/entitykeyvalues.cpp:1:
/repo/shim/../third_party/hl2sdk/public/tier1/utlbuffer.h: In member function 'void* CUtlBuffer::GetPtr()':
/repo/shim/../third_party/hl2sdk/public/tier1/utlbuffer.h:968:6: warning: cast to pointer from integer of different size [-Wint-to-pointer-cast]
  968 |  p = ( void* )GetUnsignedInt();
      |      ^~~~~~~~~~~~~~~~~~~~~~~~~
[ 97%] Built target call_validate_selftest
In file included from /repo/shim/../third_party/hl2sdk/public/tier1/keyvalues3.h:14,
                 from /repo/shim/../third_party/hl2sdk/public/entity2/entitysystem.h:7,
                 from /repo/shim/src/entity_listener.cpp:7:
/repo/shim/../third_party/hl2sdk/public/tier1/utlbuffer.h: In member function 'void* CUtlBuffer::GetPtr()':
/repo/shim/../third_party/hl2sdk/public/tier1/utlbuffer.h:968:6: warning: cast to pointer from integer of different size [-Wint-to-pointer-cast]
  968 |  p = ( void* )GetUnsignedInt();
      |      ^~~~~~~~~~~~~~~~~~~~~~~~~
In file included from /repo/shim/../third_party/hl2sdk/public/tier1/keyvalues3.h:14,
                 from /repo/shim/../third_party/hl2sdk/public/entity2/entitykeyvalues.h:8,
                 from /repo/shim/src/ekv.cpp:11:
/repo/shim/../third_party/hl2sdk/public/tier1/utlbuffer.h: In member function 'void* CUtlBuffer::GetPtr()':
/repo/shim/../third_party/hl2sdk/public/tier1/utlbuffer.h:968:6: warning: cast to pointer from integer of different size [-Wint-to-pointer-cast]
  968 |  p = ( void* )GetUnsignedInt();
      |      ^~~~~~~~~~~~~~~~~~~~~~~~~
In file included from /repo/shim/../third_party/hl2sdk/public/tier1/keyvalues3.h:14,
                 from /repo/shim/../third_party/hl2sdk/public/entity2/entitysystem.h:7,
                 from /repo/shim/src/engine_calls.cpp:44:
/repo/shim/../third_party/hl2sdk/public/tier1/utlbuffer.h: In member function 'void* CUtlBuffer::GetPtr()':
/repo/shim/../third_party/hl2sdk/public/tier1/utlbuffer.h:968:6: warning: cast to pointer from integer of different size [-Wint-to-pointer-cast]
  968 |  p = ( void* )GetUnsignedInt();
      |      ^~~~~~~~~~~~~~~~~~~~~~~~~
[ 98%] Linking CXX executable gamedata_selftest
[ 98%] Built target gamedata_selftest
[100%] Linking CXX shared library s2script.so
[100%] Built target s2script
== ccommand_selftest (our CCommand tokenizer) ==
ccommand_selftest: s2_tokenize_command
ccommand_selftest: all passed
== check-shim-symbols.sh (core entry points defined; no unresolvable engine symbols) ==
check-shim-symbols: ok — build/shim/s2script.so's 47 s2script_core_* entry point(s) all defined in target/debug/libs2script_core.so
check-shim-symbols: SKIP — no game install at docker/cs2-data/game (set S2SCRIPT_GAME_DIR to enable).
ci-native: all native gates passed
